/*
 Navicat Premium Data Transfer

 Source Server         : localhost
 Source Server Type    : MySQL
 Source Server Version : 50520
 Source Host           : localhost:3306
 Source Schema         : testpapersys

 Target Server Type    : MySQL
 Target Server Version : 50520
 File Encoding         : 65001
*/

SET NAMES utf8mb4;
SET FOREIGN_KEY_CHECKS = 0;

-- ----------------------------
-- Table structure for course
-- ----------------------------
DROP TABLE IF EXISTS `course`;
CREATE TABLE `course`  (
  `course_id` varchar(20) CHARACTER SET utf8 COLLATE utf8_general_ci NOT NULL COMMENT '课程id',
  `course_name` varchar(25) CHARACTER SET utf8 COLLATE utf8_general_ci NOT NULL COMMENT '课程名',
  `course_describe` varchar(255) CHARACTER SET utf8 COLLATE utf8_general_ci NULL DEFAULT NULL COMMENT '课程描述',
  `create_time` datetime NULL DEFAULT NULL COMMENT '创建时间',
  PRIMARY KEY (`course_id`, `course_name`) USING BTREE
) ENGINE = MyISAM CHARACTER SET = utf8 COLLATE = utf8_general_ci ROW_FORMAT = Dynamic;

-- ----------------------------
-- Records of course
-- ----------------------------
INSERT INTO `course` VALUES ('30c2a810-2b9a-4', '软件工程', '必学课程', '2021-02-13 12:25:02');
INSERT INTO `course` VALUES ('e74e7450-c280-4', 'JavaWeb', 'Javaweb基础知识', '2021-02-13 12:25:04');
INSERT INTO `course` VALUES ('b275ad41-274c-4', 'SpringBoot', '自学课程', '2021-02-13 12:25:06');
INSERT INTO `course` VALUES ('ee4d9fd3c515467594', '测试课程', '爱神的箭奥斯卡了\n', '2021-03-10 14:44:59');

-- ----------------------------
-- Table structure for knowledge
-- ----------------------------
DROP TABLE IF EXISTS `knowledge`;
CREATE TABLE `knowledge`  (
  `knowledge_id` varchar(20) CHARACTER SET utf8 COLLATE utf8_general_ci NOT NULL COMMENT '课程知识点id',
  `knowledge_name` varchar(25) CHARACTER SET utf8 COLLATE utf8_general_ci NOT NULL COMMENT '知识点名字',
  `knowledge_describe` varchar(255) CHARACTER SET utf8 COLLATE utf8_general_ci NULL DEFAULT NULL COMMENT '知识点描述',
  `course_id` varchar(20) CHARACTER SET utf8 COLLATE utf8_general_ci NULL DEFAULT NULL COMMENT '课程id',
  `create_time` datetime NULL DEFAULT NULL COMMENT '创建时间',
  PRIMARY KEY (`knowledge_id`, `knowledge_name`) USING BTREE
) ENGINE = MyISAM CHARACTER SET = utf8 COLLATE = utf8_general_ci ROW_FORMAT = Dynamic;

-- ----------------------------
-- Records of knowledge
-- ----------------------------
INSERT INTO `knowledge` VALUES ('12', '知识点1', '1111', '30c2a810-2b9a-4', '2021-02-13 12:25:04');
INSERT INTO `knowledge` VALUES ('15', '知识点2', '222', '30c2a810-2b9a-4', '2021-02-13 12:25:05');
INSERT INTO `knowledge` VALUES ('16', '致死的33', '.333', 'b275ad41-274c-4', '2021-02-13 12:25:06');
INSERT INTO `knowledge` VALUES ('ef4eef5257ac4ea79f', '知识点3', '大概可是今年都i啊卡里就吗\n', '30c2a810-2b9a-4', '2021-02-13 12:25:08');
INSERT INTO `knowledge` VALUES ('96194391ce8f410bb2', '222', '额呃呃呃', '30c2a810-2b9a-4', '2021-02-13 12:25:09');
INSERT INTO `knowledge` VALUES ('2375b1628c6c4b4898', '999', '999', '097bf5fb7bf247d093', '2021-02-13 12:25:10');
INSERT INTO `knowledge` VALUES ('7eb5e98e37224dc687', '撒假大空', '阿斯达所', 'b275ad41-274c-4', '2021-02-14 15:11:05');
INSERT INTO `knowledge` VALUES ('ef4eef5257ac4ea79f47', '软件工程知识点-47', '软件工程知识点-解释47', '30c2a810-2b9a-4', '2021-02-13 12:25:47');
INSERT INTO `knowledge` VALUES ('ef4eef5257ac4ea79f46', '软件工程知识点-46', '软件工程知识点-解释46', '30c2a810-2b9a-4', '2021-02-13 12:25:46');
INSERT INTO `knowledge` VALUES ('ef4eef5257ac4ea79f45', '软件工程知识点-45', '软件工程知识点-解释45', '30c2a810-2b9a-4', '2021-02-13 12:25:45');
INSERT INTO `knowledge` VALUES ('ef4eef5257ac4ea79f44', '软件工程知识点-44', '软件工程知识点-解释44', '30c2a810-2b9a-4', '2021-02-13 12:25:44');
INSERT INTO `knowledge` VALUES ('ef4eef5257ac4ea79f43', '软件工程知识点-43', '软件工程知识点-解释43', '30c2a810-2b9a-4', '2021-02-13 12:25:43');
INSERT INTO `knowledge` VALUES ('ef4eef5257ac4ea79f42', '软件工程知识点-42', '软件工程知识点-解释42', '30c2a810-2b9a-4', '2021-02-13 12:25:42');
INSERT INTO `knowledge` VALUES ('ef4eef5257ac4ea79f41', '软件工程知识点-41', '软件工程知识点-解释41', '30c2a810-2b9a-4', '2021-02-13 12:25:41');
INSERT INTO `knowledge` VALUES ('ef4eef5257ac4ea79f40', '软件工程知识点-40', '软件工程知识点-解释40', '30c2a810-2b9a-4', '2021-02-13 12:25:40');
INSERT INTO `knowledge` VALUES ('ef4eef5257ac4ea79f39', '软件工程知识点-39', '软件工程知识点-解释39', '30c2a810-2b9a-4', '2021-02-13 12:25:39');
INSERT INTO `knowledge` VALUES ('ef4eef5257ac4ea79f38', '软件工程知识点-38', '软件工程知识点-解释38', '30c2a810-2b9a-4', '2021-02-13 12:25:38');
INSERT INTO `knowledge` VALUES ('ef4eef5257ac4ea79f37', '软件工程知识点-37', '软件工程知识点-解释37', '30c2a810-2b9a-4', '2021-02-13 12:25:37');
INSERT INTO `knowledge` VALUES ('ef4eef5257ac4ea79f36', '软件工程知识点-36', '软件工程知识点-解释36', '30c2a810-2b9a-4', '2021-02-13 12:25:36');
INSERT INTO `knowledge` VALUES ('ef4eef5257ac4ea79f35', '软件工程知识点-35', '软件工程知识点-解释35', '30c2a810-2b9a-4', '2021-02-13 12:25:35');
INSERT INTO `knowledge` VALUES ('ef4eef5257ac4ea79f34', '软件工程知识点-34', '软件工程知识点-解释34', '30c2a810-2b9a-4', '2021-02-13 12:25:34');
INSERT INTO `knowledge` VALUES ('ef4eef5257ac4ea79f33', '软件工程知识点-33', '软件工程知识点-解释33', '30c2a810-2b9a-4', '2021-02-13 12:25:33');
INSERT INTO `knowledge` VALUES ('ef4eef5257ac4ea79f32', '软件工程知识点-32', '软件工程知识点-解释32', '30c2a810-2b9a-4', '2021-02-13 12:25:32');
INSERT INTO `knowledge` VALUES ('ef4eef5257ac4ea79f31', '软件工程知识点-31', '软件工程知识点-解释31', '30c2a810-2b9a-4', '2021-02-13 12:25:31');
INSERT INTO `knowledge` VALUES ('ef4eef5257ac4ea79f30', '软件工程知识点-30', '软件工程知识点-解释30', '30c2a810-2b9a-4', '2021-02-13 12:25:30');
INSERT INTO `knowledge` VALUES ('ef4eef5257ac4ea79f29', '软件工程知识点-29', '软件工程知识点-解释29', '30c2a810-2b9a-4', '2021-02-13 12:25:29');
INSERT INTO `knowledge` VALUES ('ef4eef5257ac4ea79f28', '软件工程知识点-28', '软件工程知识点-解释28', '30c2a810-2b9a-4', '2021-02-13 12:25:28');
INSERT INTO `knowledge` VALUES ('ef4eef5257ac4ea79f27', '软件工程知识点-27', '软件工程知识点-解释27', '30c2a810-2b9a-4', '2021-02-13 12:25:27');
INSERT INTO `knowledge` VALUES ('ef4eef5257ac4ea79f26', '软件工程知识点-26', '软件工程知识点-解释26', '30c2a810-2b9a-4', '2021-02-13 12:25:26');
INSERT INTO `knowledge` VALUES ('ef4eef5257ac4ea79f25', '软件工程知识点-25', '软件工程知识点-解释25', '30c2a810-2b9a-4', '2021-02-13 12:25:25');
INSERT INTO `knowledge` VALUES ('ef4eef5257ac4ea79f24', '软件工程知识点-24', '软件工程知识点-解释24', '30c2a810-2b9a-4', '2021-02-13 12:25:24');
INSERT INTO `knowledge` VALUES ('ef4eef5257ac4ea79f23', '软件工程知识点-23', '软件工程知识点-解释23', '30c2a810-2b9a-4', '2021-02-13 12:25:23');
INSERT INTO `knowledge` VALUES ('ef4eef5257ac4ea79f22', '软件工程知识点-22', '软件工程知识点-解释22', '30c2a810-2b9a-4', '2021-02-13 12:25:22');
INSERT INTO `knowledge` VALUES ('ef4eef5257ac4ea79f21', '软件工程知识点-21', '软件工程知识点-解释21', '30c2a810-2b9a-4', '2021-02-13 12:25:21');
INSERT INTO `knowledge` VALUES ('ef4eef5257ac4ea79f20', '软件工程知识点-20', '软件工程知识点-解释20', '30c2a810-2b9a-4', '2021-02-13 12:25:20');
INSERT INTO `knowledge` VALUES ('ef4eef5257ac4ea79f19', '软件工程知识点-19', '软件工程知识点-解释19', '30c2a810-2b9a-4', '2021-02-13 12:25:19');
INSERT INTO `knowledge` VALUES ('ef4eef5257ac4ea79f18', '软件工程知识点-18', '软件工程知识点-解释18', '30c2a810-2b9a-4', '2021-02-13 12:25:18');
INSERT INTO `knowledge` VALUES ('ef4eef5257ac4ea79f17', '软件工程知识点-17', '软件工程知识点-解释17', '30c2a810-2b9a-4', '2021-02-13 12:25:17');
INSERT INTO `knowledge` VALUES ('ef4eef5257ac4ea79f16', '软件工程知识点-16', '软件工程知识点-解释16', '30c2a810-2b9a-4', '2021-02-13 12:25:16');
INSERT INTO `knowledge` VALUES ('ef4eef5257ac4ea79f15', '软件工程知识点-15', '软件工程知识点-解释15', '30c2a810-2b9a-4', '2021-02-13 12:25:15');
INSERT INTO `knowledge` VALUES ('ef4eef5257ac4ea79f14', '软件工程知识点-14', '软件工程知识点-解释14', '30c2a810-2b9a-4', '2021-02-13 12:25:14');
INSERT INTO `knowledge` VALUES ('ef4eef5257ac4ea79f13', '软件工程知识点-13', '软件工程知识点-解释13', '30c2a810-2b9a-4', '2021-02-13 12:25:13');
INSERT INTO `knowledge` VALUES ('ef4eef5257ac4ea79f12', '软件工程知识点-12', '软件工程知识点-解释12', '30c2a810-2b9a-4', '2021-02-13 12:25:12');
INSERT INTO `knowledge` VALUES ('ef4eef5257ac4ea79f11', '软件工程知识点-11', '软件工程知识点-解释11', '30c2a810-2b9a-4', '2021-02-13 12:25:11');
INSERT INTO `knowledge` VALUES ('ef4eef5257ac4ea79f10', '软件工程知识点-10', '软件工程知识点-解释10', '30c2a810-2b9a-4', '2021-02-13 12:25:10');
INSERT INTO `knowledge` VALUES ('ef4eef5257ac4ea79f9', '软件工程知识点-9', '软件工程知识点-解释9', '30c2a810-2b9a-4', '2021-02-13 12:25:09');
INSERT INTO `knowledge` VALUES ('ef4eef5257ac4ea79f8', '软件工程知识点-8', '软件工程知识点-解释8', '30c2a810-2b9a-4', '2021-02-13 12:25:08');
INSERT INTO `knowledge` VALUES ('ef4eef5257ac4ea79f7', '软件工程知识点-7', '软件工程知识点-解释7', '30c2a810-2b9a-4', '2021-02-13 12:25:07');
INSERT INTO `knowledge` VALUES ('ef4eef5257ac4ea79f6', '软件工程知识点-6', '软件工程知识点-解释6', '30c2a810-2b9a-4', '2021-02-13 12:25:06');
INSERT INTO `knowledge` VALUES ('ef4eef5257ac4ea79f5', '软件工程知识点-5', '软件工程知识点-解释5', '30c2a810-2b9a-4', '2021-02-13 12:25:05');
INSERT INTO `knowledge` VALUES ('ef4eef5257ac4ea79f4', '软件工程知识点-4', '软件工程知识点-解释4', '30c2a810-2b9a-4', '2021-02-13 12:25:04');
INSERT INTO `knowledge` VALUES ('ef4eef5257ac4ea79f3', '软件工程知识点-3', '软件工程知识点-解释3', '30c2a810-2b9a-4', '2021-02-13 12:25:03');
INSERT INTO `knowledge` VALUES ('ef4eef5257ac4ea79f2', '软件工程知识点-2', '软件工程知识点-解释2', '30c2a810-2b9a-4', '2021-02-13 12:25:02');
INSERT INTO `knowledge` VALUES ('ef4eef5257ac4ea79f1', '软件工程知识点-1', '软件工程知识点-解释1', '30c2a810-2b9a-4', '2021-02-13 12:25:01');
INSERT INTO `knowledge` VALUES ('ef4eef5257ac4ea79f0', '软件工程知识点-0', '软件工程知识点-解释0', '30c2a810-2b9a-4', '2021-02-13 12:25:00');
INSERT INTO `knowledge` VALUES ('ef4eef5257ac4ea79f48', '软件工程知识点-48', '软件工程知识点-解释48', '30c2a810-2b9a-4', '2021-02-13 12:25:48');
INSERT INTO `knowledge` VALUES ('ef4eef5257ac4ea79f49', '软件工程知识点-49', '软件工程知识点-解释49', '30c2a810-2b9a-4', '2021-02-13 12:25:49');
INSERT INTO `knowledge` VALUES ('ef4eef5257ac4ea79f50', '软件工程知识点-50', '软件工程知识点-解释50', '30c2a810-2b9a-4', '2021-02-13 12:25:50');
INSERT INTO `knowledge` VALUES ('ef4eef5257ac4ea79f51', '软件工程知识点-51', '软件工程知识点-解释51', '30c2a810-2b9a-4', '2021-02-13 12:25:51');
INSERT INTO `knowledge` VALUES ('ef4eef5257ac4ea79f52', '软件工程知识点-52', '软件工程知识点-解释52', '30c2a810-2b9a-4', '2021-02-13 12:25:52');
INSERT INTO `knowledge` VALUES ('ef4eef5257ac4ea79f53', '软件工程知识点-53', '软件工程知识点-解释53', '30c2a810-2b9a-4', '2021-02-13 12:25:53');
INSERT INTO `knowledge` VALUES ('ef4eef5257ac4ea79f54', '软件工程知识点-54', '软件工程知识点-解释54', '30c2a810-2b9a-4', '2021-02-13 12:25:54');
INSERT INTO `knowledge` VALUES ('ef4eef5257ac4ea79f55', '软件工程知识点-55', '软件工程知识点-解释55', '30c2a810-2b9a-4', '2021-02-13 12:25:55');
INSERT INTO `knowledge` VALUES ('ef4eef5257ac4ea79f56', '软件工程知识点-56', '软件工程知识点-解释56', '30c2a810-2b9a-4', '2021-02-13 12:25:56');
INSERT INTO `knowledge` VALUES ('ef4eef5257ac4ea79f57', '软件工程知识点-57', '软件工程知识点-解释57', '30c2a810-2b9a-4', '2021-02-13 12:25:57');
INSERT INTO `knowledge` VALUES ('ef4eef5257ac4ea79f58', '软件工程知识点-58', '软件工程知识点-解释58', '30c2a810-2b9a-4', '2021-02-13 12:25:58');
INSERT INTO `knowledge` VALUES ('ef4eef5257ac4ea79f59', '软件工程知识点-59', '软件工程知识点-解释59', '30c2a810-2b9a-4', '2021-02-13 12:25:59');
INSERT INTO `knowledge` VALUES ('96194391ce8f410bba10', 'JavaWeb-10', 'JavaWeb知识点-解释10', 'e74e7450-c280-4', '2021-03-10 10:17:10');
INSERT INTO `knowledge` VALUES ('96194391ce8f410bba11', 'JavaWeb-11', 'JavaWeb知识点-解释11', 'e74e7450-c280-4', '2021-03-10 10:17:11');
INSERT INTO `knowledge` VALUES ('96194391ce8f410bba12', 'JavaWeb-12', 'JavaWeb知识点-解释12', 'e74e7450-c280-4', '2021-03-10 10:17:12');
INSERT INTO `knowledge` VALUES ('96194391ce8f410bba13', 'JavaWeb-13', 'JavaWeb知识点-解释13', 'e74e7450-c280-4', '2021-03-10 10:17:13');
INSERT INTO `knowledge` VALUES ('96194391ce8f410bba14', 'JavaWeb-14', 'JavaWeb知识点-解释14', 'e74e7450-c280-4', '2021-03-10 10:17:14');
INSERT INTO `knowledge` VALUES ('96194391ce8f410bba15', 'JavaWeb-15', 'JavaWeb知识点-解释15', 'e74e7450-c280-4', '2021-03-10 10:17:15');
INSERT INTO `knowledge` VALUES ('96194391ce8f410bba16', 'JavaWeb-16', 'JavaWeb知识点-解释16', 'e74e7450-c280-4', '2021-03-10 10:17:16');
INSERT INTO `knowledge` VALUES ('96194391ce8f410bba17', 'JavaWeb-17', 'JavaWeb知识点-解释17', 'e74e7450-c280-4', '2021-03-10 10:17:17');
INSERT INTO `knowledge` VALUES ('96194391ce8f410bba18', 'JavaWeb-18', 'JavaWeb知识点-解释18', 'e74e7450-c280-4', '2021-03-10 10:17:18');
INSERT INTO `knowledge` VALUES ('96194391ce8f410bba19', 'JavaWeb-19', 'JavaWeb知识点-解释19', 'e74e7450-c280-4', '2021-03-10 10:17:19');
INSERT INTO `knowledge` VALUES ('96194391ce8f410bba20', 'JavaWeb-20', 'JavaWeb知识点-解释20', 'e74e7450-c280-4', '2021-03-10 10:17:20');
INSERT INTO `knowledge` VALUES ('96194391ce8f410bba21', 'JavaWeb-21', 'JavaWeb知识点-解释21', 'e74e7450-c280-4', '2021-03-10 10:17:21');
INSERT INTO `knowledge` VALUES ('96194391ce8f410bba22', 'JavaWeb-22', 'JavaWeb知识点-解释22', 'e74e7450-c280-4', '2021-03-10 10:17:22');
INSERT INTO `knowledge` VALUES ('96194391ce8f410bba23', 'JavaWeb-23', 'JavaWeb知识点-解释23', 'e74e7450-c280-4', '2021-03-10 10:17:23');
INSERT INTO `knowledge` VALUES ('96194391ce8f410bba24', 'JavaWeb-24', 'JavaWeb知识点-解释24', 'e74e7450-c280-4', '2021-03-10 10:17:24');
INSERT INTO `knowledge` VALUES ('96194391ce8f410bba25', 'JavaWeb-25', 'JavaWeb知识点-解释25', 'e74e7450-c280-4', '2021-03-10 10:17:25');
INSERT INTO `knowledge` VALUES ('96194391ce8f410bba26', 'JavaWeb-26', 'JavaWeb知识点-解释26', 'e74e7450-c280-4', '2021-03-10 10:17:26');
INSERT INTO `knowledge` VALUES ('96194391ce8f410bba27', 'JavaWeb-27', 'JavaWeb知识点-解释27', 'e74e7450-c280-4', '2021-03-10 10:17:27');
INSERT INTO `knowledge` VALUES ('96194391ce8f410bba28', 'JavaWeb-28', 'JavaWeb知识点-解释28', 'e74e7450-c280-4', '2021-03-10 10:17:28');
INSERT INTO `knowledge` VALUES ('96194391ce8f410bba29', 'JavaWeb-29', 'JavaWeb知识点-解释29', 'e74e7450-c280-4', '2021-03-10 10:17:29');
INSERT INTO `knowledge` VALUES ('96194391ce8f410bba30', 'JavaWeb-30', 'JavaWeb知识点-解释30', 'e74e7450-c280-4', '2021-03-10 10:17:30');
INSERT INTO `knowledge` VALUES ('96194391ce8f410bba31', 'JavaWeb-31', 'JavaWeb知识点-解释31', 'e74e7450-c280-4', '2021-03-10 10:17:31');
INSERT INTO `knowledge` VALUES ('96194391ce8f410bba32', 'JavaWeb-32', 'JavaWeb知识点-解释32', 'e74e7450-c280-4', '2021-03-10 10:17:32');
INSERT INTO `knowledge` VALUES ('96194391ce8f410bba33', 'JavaWeb-33', 'JavaWeb知识点-解释33', 'e74e7450-c280-4', '2021-03-10 10:17:33');
INSERT INTO `knowledge` VALUES ('96194391ce8f410bba34', 'JavaWeb-34', 'JavaWeb知识点-解释34', 'e74e7450-c280-4', '2021-03-10 10:17:34');
INSERT INTO `knowledge` VALUES ('96194391ce8f410bba35', 'JavaWeb-35', 'JavaWeb知识点-解释35', 'e74e7450-c280-4', '2021-03-10 10:17:35');
INSERT INTO `knowledge` VALUES ('96194391ce8f410bba36', 'JavaWeb-36', 'JavaWeb知识点-解释36', 'e74e7450-c280-4', '2021-03-10 10:17:36');
INSERT INTO `knowledge` VALUES ('96194391ce8f410bba37', 'JavaWeb-37', 'JavaWeb知识点-解释37', 'e74e7450-c280-4', '2021-03-10 10:17:37');
INSERT INTO `knowledge` VALUES ('96194391ce8f410bba38', 'JavaWeb-38', 'JavaWeb知识点-解释38', 'e74e7450-c280-4', '2021-03-10 10:17:38');
INSERT INTO `knowledge` VALUES ('96194391ce8f410bba39', 'JavaWeb-39', 'JavaWeb知识点-解释39', 'e74e7450-c280-4', '2021-03-10 10:17:39');
INSERT INTO `knowledge` VALUES ('96194391ce8f410bba40', 'JavaWeb-40', 'JavaWeb知识点-解释40', 'e74e7450-c280-4', '2021-03-10 10:17:40');
INSERT INTO `knowledge` VALUES ('96194391ce8f410bba41', 'JavaWeb-41', 'JavaWeb知识点-解释41', 'e74e7450-c280-4', '2021-03-10 10:17:41');
INSERT INTO `knowledge` VALUES ('96194391ce8f410bba42', 'JavaWeb-42', 'JavaWeb知识点-解释42', 'e74e7450-c280-4', '2021-03-10 10:17:42');
INSERT INTO `knowledge` VALUES ('96194391ce8f410bba43', 'JavaWeb-43', 'JavaWeb知识点-解释43', 'e74e7450-c280-4', '2021-03-10 10:17:43');
INSERT INTO `knowledge` VALUES ('96194391ce8f410bba44', 'JavaWeb-44', 'JavaWeb知识点-解释44', 'e74e7450-c280-4', '2021-03-10 10:17:44');
INSERT INTO `knowledge` VALUES ('96194391ce8f410bba45', 'JavaWeb-45', 'JavaWeb知识点-解释45', 'e74e7450-c280-4', '2021-03-10 10:17:45');
INSERT INTO `knowledge` VALUES ('96194391ce8f410bba46', 'JavaWeb-46', 'JavaWeb知识点-解释46', 'e74e7450-c280-4', '2021-03-10 10:17:46');
INSERT INTO `knowledge` VALUES ('96194391ce8f410bba47', 'JavaWeb-47', 'JavaWeb知识点-解释47', 'e74e7450-c280-4', '2021-03-10 10:17:47');
INSERT INTO `knowledge` VALUES ('96194391ce8f410bba48', 'JavaWeb-48', 'JavaWeb知识点-解释48', 'e74e7450-c280-4', '2021-03-10 10:17:48');
INSERT INTO `knowledge` VALUES ('96194391ce8f410bba49', 'JavaWeb-49', 'JavaWeb知识点-解释49', 'e74e7450-c280-4', '2021-03-10 10:17:49');
INSERT INTO `knowledge` VALUES ('96194391ce8f410bba50', 'JavaWeb-50', 'JavaWeb知识点-解释50', 'e74e7450-c280-4', '2021-03-10 10:17:50');
INSERT INTO `knowledge` VALUES ('96194391ce8f410bba51', 'JavaWeb-51', 'JavaWeb知识点-解释51', 'e74e7450-c280-4', '2021-03-10 10:17:51');
INSERT INTO `knowledge` VALUES ('96194391ce8f410bba52', 'JavaWeb-52', 'JavaWeb知识点-解释52', 'e74e7450-c280-4', '2021-03-10 10:17:52');
INSERT INTO `knowledge` VALUES ('96194391ce8f410bba53', 'JavaWeb-53', 'JavaWeb知识点-解释53', 'e74e7450-c280-4', '2021-03-10 10:17:53');
INSERT INTO `knowledge` VALUES ('96194391ce8f410bba54', 'JavaWeb-54', 'JavaWeb知识点-解释54', 'e74e7450-c280-4', '2021-03-10 10:17:54');
INSERT INTO `knowledge` VALUES ('96194391ce8f410bba55', 'JavaWeb-55', 'JavaWeb知识点-解释55', 'e74e7450-c280-4', '2021-03-10 10:17:55');
INSERT INTO `knowledge` VALUES ('96194391ce8f410bba56', 'JavaWeb-56', 'JavaWeb知识点-解释56', 'e74e7450-c280-4', '2021-03-10 10:17:56');
INSERT INTO `knowledge` VALUES ('96194391ce8f410bba57', 'JavaWeb-57', 'JavaWeb知识点-解释57', 'e74e7450-c280-4', '2021-03-10 10:17:57');
INSERT INTO `knowledge` VALUES ('96194391ce8f410bba58', 'JavaWeb-58', 'JavaWeb知识点-解释58', 'e74e7450-c280-4', '2021-03-10 10:17:58');
INSERT INTO `knowledge` VALUES ('96194391ce8f410bba59', 'JavaWeb-59', 'JavaWeb知识点-解释59', 'e74e7450-c280-4', '2021-03-10 10:17:59');
INSERT INTO `knowledge` VALUES ('96194391ce8f410bbc10', 'SpringBoot知识点-10', 'SpringBoot知识点-解释10', 'b275ad41-274c-4', '2021-03-12 12:25:10');
INSERT INTO `knowledge` VALUES ('96194391ce8f410bbc11', 'SpringBoot知识点-11', 'SpringBoot知识点-解释11', 'b275ad41-274c-4', '2021-03-12 12:25:11');
INSERT INTO `knowledge` VALUES ('96194391ce8f410bbc12', 'SpringBoot知识点-12', 'SpringBoot知识点-解释12', 'b275ad41-274c-4', '2021-03-12 12:25:12');
INSERT INTO `knowledge` VALUES ('96194391ce8f410bbc13', 'SpringBoot知识点-13', 'SpringBoot知识点-解释13', 'b275ad41-274c-4', '2021-03-12 12:25:13');
INSERT INTO `knowledge` VALUES ('96194391ce8f410bbc14', 'SpringBoot知识点-14', 'SpringBoot知识点-解释14', 'b275ad41-274c-4', '2021-03-12 12:25:14');
INSERT INTO `knowledge` VALUES ('96194391ce8f410bbc15', 'SpringBoot知识点-15', 'SpringBoot知识点-解释15', 'b275ad41-274c-4', '2021-03-12 12:25:15');
INSERT INTO `knowledge` VALUES ('96194391ce8f410bbc16', 'SpringBoot知识点-16', 'SpringBoot知识点-解释16', 'b275ad41-274c-4', '2021-03-12 12:25:16');
INSERT INTO `knowledge` VALUES ('96194391ce8f410bbc17', 'SpringBoot知识点-17', 'SpringBoot知识点-解释17', 'b275ad41-274c-4', '2021-03-12 12:25:17');
INSERT INTO `knowledge` VALUES ('96194391ce8f410bbc18', 'SpringBoot知识点-18', 'SpringBoot知识点-解释18', 'b275ad41-274c-4', '2021-03-12 12:25:18');
INSERT INTO `knowledge` VALUES ('96194391ce8f410bbc19', 'SpringBoot知识点-19', 'SpringBoot知识点-解释19', 'b275ad41-274c-4', '2021-03-12 12:25:19');
INSERT INTO `knowledge` VALUES ('96194391ce8f410bbc20', 'SpringBoot知识点-20', 'SpringBoot知识点-解释20', 'b275ad41-274c-4', '2021-03-12 12:25:20');
INSERT INTO `knowledge` VALUES ('96194391ce8f410bbc21', 'SpringBoot知识点-21', 'SpringBoot知识点-解释21', 'b275ad41-274c-4', '2021-03-12 12:25:21');
INSERT INTO `knowledge` VALUES ('96194391ce8f410bbc22', 'SpringBoot知识点-22', 'SpringBoot知识点-解释22', 'b275ad41-274c-4', '2021-03-12 12:25:22');
INSERT INTO `knowledge` VALUES ('96194391ce8f410bbc23', 'SpringBoot知识点-23', 'SpringBoot知识点-解释23', 'b275ad41-274c-4', '2021-03-12 12:25:23');
INSERT INTO `knowledge` VALUES ('96194391ce8f410bbc24', 'SpringBoot知识点-24', 'SpringBoot知识点-解释24', 'b275ad41-274c-4', '2021-03-12 12:25:24');
INSERT INTO `knowledge` VALUES ('96194391ce8f410bbc25', 'SpringBoot知识点-25', 'SpringBoot知识点-解释25', 'b275ad41-274c-4', '2021-03-12 12:25:25');
INSERT INTO `knowledge` VALUES ('96194391ce8f410bbc26', 'SpringBoot知识点-26', 'SpringBoot知识点-解释26', 'b275ad41-274c-4', '2021-03-12 12:25:26');
INSERT INTO `knowledge` VALUES ('96194391ce8f410bbc27', 'SpringBoot知识点-27', 'SpringBoot知识点-解释27', 'b275ad41-274c-4', '2021-03-12 12:25:27');
INSERT INTO `knowledge` VALUES ('96194391ce8f410bbc28', 'SpringBoot知识点-28', 'SpringBoot知识点-解释28', 'b275ad41-274c-4', '2021-03-12 12:25:28');
INSERT INTO `knowledge` VALUES ('96194391ce8f410bbc29', 'SpringBoot知识点-29', 'SpringBoot知识点-解释29', 'b275ad41-274c-4', '2021-03-12 12:25:29');
INSERT INTO `knowledge` VALUES ('96194391ce8f410bbc30', 'SpringBoot知识点-30', 'SpringBoot知识点-解释30', 'b275ad41-274c-4', '2021-03-12 12:25:30');
INSERT INTO `knowledge` VALUES ('96194391ce8f410bbc31', 'SpringBoot知识点-31', 'SpringBoot知识点-解释31', 'b275ad41-274c-4', '2021-03-12 12:25:31');
INSERT INTO `knowledge` VALUES ('96194391ce8f410bbc32', 'SpringBoot知识点-32', 'SpringBoot知识点-解释32', 'b275ad41-274c-4', '2021-03-12 12:25:32');
INSERT INTO `knowledge` VALUES ('96194391ce8f410bbc33', 'SpringBoot知识点-33', 'SpringBoot知识点-解释33', 'b275ad41-274c-4', '2021-03-12 12:25:33');
INSERT INTO `knowledge` VALUES ('96194391ce8f410bbc34', 'SpringBoot知识点-34', 'SpringBoot知识点-解释34', 'b275ad41-274c-4', '2021-03-12 12:25:34');
INSERT INTO `knowledge` VALUES ('96194391ce8f410bbc35', 'SpringBoot知识点-35', 'SpringBoot知识点-解释35', 'b275ad41-274c-4', '2021-03-12 12:25:35');
INSERT INTO `knowledge` VALUES ('96194391ce8f410bbc36', 'SpringBoot知识点-36', 'SpringBoot知识点-解释36', 'b275ad41-274c-4', '2021-03-12 12:25:36');
INSERT INTO `knowledge` VALUES ('96194391ce8f410bbc37', 'SpringBoot知识点-37', 'SpringBoot知识点-解释37', 'b275ad41-274c-4', '2021-03-12 12:25:37');
INSERT INTO `knowledge` VALUES ('96194391ce8f410bbc38', 'SpringBoot知识点-38', 'SpringBoot知识点-解释38', 'b275ad41-274c-4', '2021-03-12 12:25:38');
INSERT INTO `knowledge` VALUES ('96194391ce8f410bbc39', 'SpringBoot知识点-39', 'SpringBoot知识点-解释39', 'b275ad41-274c-4', '2021-03-12 12:25:39');
INSERT INTO `knowledge` VALUES ('96194391ce8f410bbc40', 'SpringBoot知识点-40', 'SpringBoot知识点-解释40', 'b275ad41-274c-4', '2021-03-12 12:25:40');
INSERT INTO `knowledge` VALUES ('96194391ce8f410bbc41', 'SpringBoot知识点-41', 'SpringBoot知识点-解释41', 'b275ad41-274c-4', '2021-03-12 12:25:41');
INSERT INTO `knowledge` VALUES ('96194391ce8f410bbc42', 'SpringBoot知识点-42', 'SpringBoot知识点-解释42', 'b275ad41-274c-4', '2021-03-12 12:25:42');
INSERT INTO `knowledge` VALUES ('96194391ce8f410bbc43', 'SpringBoot知识点-43', 'SpringBoot知识点-解释43', 'b275ad41-274c-4', '2021-03-12 12:25:43');
INSERT INTO `knowledge` VALUES ('96194391ce8f410bbc44', 'SpringBoot知识点-44', 'SpringBoot知识点-解释44', 'b275ad41-274c-4', '2021-03-12 12:25:44');

-- ----------------------------
-- Table structure for question
-- ----------------------------
DROP TABLE IF EXISTS `question`;
CREATE TABLE `question`  (
  `que_id` varchar(20) CHARACTER SET utf8 COLLATE utf8_general_ci NOT NULL COMMENT '试题id',
  `que_course_id` varchar(20) CHARACTER SET utf8 COLLATE utf8_general_ci NULL DEFAULT NULL COMMENT '所属的课程id',
  `que_bank_id` varchar(20) CHARACTER SET utf8 COLLATE utf8_general_ci NULL DEFAULT NULL COMMENT '所属的题库id',
  `que_create_by` varchar(20) CHARACTER SET utf8 COLLATE utf8_general_ci NULL DEFAULT NULL COMMENT '创建人--跟user_id就名字不一样',
  `knowledge_ids` varchar(255) CHARACTER SET utf8 COLLATE utf8_general_ci NULL DEFAULT NULL COMMENT '知识点列表---',
  `que_content` varchar(25) CHARACTER SET utf8 COLLATE utf8_general_ci NOT NULL COMMENT '试题内容',
  `que_type` char(10) CHARACTER SET utf8 COLLATE utf8_general_ci NULL DEFAULT NULL COMMENT '题型,判断题题(bool),简答题(simple)',
  `que_answer` text CHARACTER SET utf8 COLLATE utf8_general_ci NULL COMMENT '参考答案---',
  `que_answer_describe` text CHARACTER SET utf8 COLLATE utf8_general_ci NULL COMMENT '答案解析',
  `create_time` datetime NULL DEFAULT NULL COMMENT '创建时间',
  `que_difficulty` bigint(1) NOT NULL COMMENT '题目难度(1-10)',
  PRIMARY KEY (`que_id`, `que_content`) USING BTREE
) ENGINE = MyISAM CHARACTER SET = utf8 COLLATE = utf8_general_ci ROW_FORMAT = Dynamic;

-- ----------------------------
-- Records of question
-- ----------------------------
INSERT INTO `question` VALUES ('11e9bb6441d541198b43', '30c2a810-2b9a-4', '5bee7847-5c87-4', '05ad6e1c-b8de-4', 'ef4eef5257ac4ea79f12,ef4eef5257ac4ea79f23,ef4eef5257ac4ea79f27,ef4eef5257ac4ea79f32,ef4eef5257ac4ea79f10', '软件工程-简答题-43', 'simple', '软件工程-简答题-答案-43', '软件工程-简答题-解析-43', '2021-02-22 09:37:43', 5);
INSERT INTO `question` VALUES ('11e9bb6441d541198b42', '30c2a810-2b9a-4', '5bee7847-5c87-4', '05ad6e1c-b8de-4', 'ef4eef5257ac4ea79f39,ef4eef5257ac4ea79f44,ef4eef5257ac4ea79f24,ef4eef5257ac4ea79f49,ef4eef5257ac4ea79f37', '软件工程-简答题-42', 'simple', '软件工程-简答题-答案-42', '软件工程-简答题-解析-42', '2021-02-22 09:37:42', 5);
INSERT INTO `question` VALUES ('11e9bb6441d541198b41', '30c2a810-2b9a-4', '5bee7847-5c87-4', '05ad6e1c-b8de-4', 'ef4eef5257ac4ea79f51,ef4eef5257ac4ea79f22,ef4eef5257ac4ea79f1,ef4eef5257ac4ea79f57,ef4eef5257ac4ea79f24', '软件工程-简答题-41', 'simple', '软件工程-简答题-答案-41', '软件工程-简答题-解析-41', '2021-02-22 09:37:41', 5);
INSERT INTO `question` VALUES ('11e9bb6441d541198b40', '30c2a810-2b9a-4', '5bee7847-5c87-4', '05ad6e1c-b8de-4', 'ef4eef5257ac4ea79f34,ef4eef5257ac4ea79f3,ef4eef5257ac4ea79f52,ef4eef5257ac4ea79f30,ef4eef5257ac4ea79f9', '软件工程-简答题-40', 'simple', '软件工程-简答题-答案-40', '软件工程-简答题-解析-40', '2021-02-22 09:37:40', 5);
INSERT INTO `question` VALUES ('11e9bb6441d541198b39', '30c2a810-2b9a-4', '5bee7847-5c87-4', '05ad6e1c-b8de-4', 'ef4eef5257ac4ea79f14,ef4eef5257ac4ea79f53,ef4eef5257ac4ea79f25,ef4eef5257ac4ea79f17,ef4eef5257ac4ea79f10', '软件工程-简答题-39', 'simple', '软件工程-简答题-答案-39', '软件工程-简答题-解析-39', '2021-02-22 09:37:39', 5);
INSERT INTO `question` VALUES ('11e9bb6441d541198b38', '30c2a810-2b9a-4', '5bee7847-5c87-4', '05ad6e1c-b8de-4', 'ef4eef5257ac4ea79f57,ef4eef5257ac4ea79f58,ef4eef5257ac4ea79f37,ef4eef5257ac4ea79f26,ef4eef5257ac4ea79f34', '软件工程-简答题-38', 'simple', '软件工程-简答题-答案-38', '软件工程-简答题-解析-38', '2021-02-22 09:37:38', 5);
INSERT INTO `question` VALUES ('11e9bb6441d541198b37', '30c2a810-2b9a-4', '5bee7847-5c87-4', '05ad6e1c-b8de-4', 'ef4eef5257ac4ea79f37,ef4eef5257ac4ea79f31,ef4eef5257ac4ea79f13,ef4eef5257ac4ea79f8,ef4eef5257ac4ea79f0', '软件工程-简答题-37', 'simple', '软件工程-简答题-答案-37', '软件工程-简答题-解析-37', '2021-02-22 09:37:37', 5);
INSERT INTO `question` VALUES ('11e9bb6441d541198b36', '30c2a810-2b9a-4', '5bee7847-5c87-4', '05ad6e1c-b8de-4', 'ef4eef5257ac4ea79f52,ef4eef5257ac4ea79f11,ef4eef5257ac4ea79f56,ef4eef5257ac4ea79f2,ef4eef5257ac4ea79f13', '软件工程-简答题-36', 'simple', '软件工程-简答题-答案-36', '软件工程-简答题-解析-36', '2021-02-22 09:37:36', 5);
INSERT INTO `question` VALUES ('11e9bb6441d541198b35', '30c2a810-2b9a-4', '5bee7847-5c87-4', '05ad6e1c-b8de-4', 'ef4eef5257ac4ea79f27,ef4eef5257ac4ea79f38,ef4eef5257ac4ea79f34,ef4eef5257ac4ea79f17,ef4eef5257ac4ea79f6', '软件工程-简答题-35', 'simple', '软件工程-简答题-答案-35', '软件工程-简答题-解析-35', '2021-02-22 09:37:35', 5);
INSERT INTO `question` VALUES ('11e9bb6441d541198b34', '30c2a810-2b9a-4', '5bee7847-5c87-4', '05ad6e1c-b8de-4', 'ef4eef5257ac4ea79f12,ef4eef5257ac4ea79f39,ef4eef5257ac4ea79f15,ef4eef5257ac4ea79f12,ef4eef5257ac4ea79f30', '软件工程-简答题-34', 'simple', '软件工程-简答题-答案-34', '软件工程-简答题-解析-34', '2021-02-22 09:37:34', 5);
INSERT INTO `question` VALUES ('11e9bb6441d541198b33', '30c2a810-2b9a-4', '5bee7847-5c87-4', '05ad6e1c-b8de-4', 'ef4eef5257ac4ea79f15,ef4eef5257ac4ea79f21,ef4eef5257ac4ea79f21,ef4eef5257ac4ea79f33,ef4eef5257ac4ea79f36', '软件工程-简答题-33', 'simple', '软件工程-简答题-答案-33', '软件工程-简答题-解析-33', '2021-02-22 09:37:33', 5);
INSERT INTO `question` VALUES ('11e9bb6441d541198b32', '30c2a810-2b9a-4', '5bee7847-5c87-4', '05ad6e1c-b8de-4', 'ef4eef5257ac4ea79f6,ef4eef5257ac4ea79f9,ef4eef5257ac4ea79f9,ef4eef5257ac4ea79f6,ef4eef5257ac4ea79f24', '软件工程-简答题-32', 'simple', '软件工程-简答题-答案-32', '软件工程-简答题-解析-32', '2021-02-22 09:37:32', 5);
INSERT INTO `question` VALUES ('11e9bb6441d541198b31', '30c2a810-2b9a-4', '5bee7847-5c87-4', '05ad6e1c-b8de-4', 'ef4eef5257ac4ea79f13,ef4eef5257ac4ea79f1,ef4eef5257ac4ea79f1,ef4eef5257ac4ea79f19,ef4eef5257ac4ea79f24', '软件工程-简答题-31', 'simple', '软件工程-简答题-答案-31', '软件工程-简答题-解析-31', '2021-02-22 09:37:31', 5);
INSERT INTO `question` VALUES ('11e9bb6441d541198b30', '30c2a810-2b9a-4', '5bee7847-5c87-4', '05ad6e1c-b8de-4', 'ef4eef5257ac4ea79f23,ef4eef5257ac4ea79f55,ef4eef5257ac4ea79f34,ef4eef5257ac4ea79f29,ef4eef5257ac4ea79f49', '软件工程-简答题-30', 'simple', '软件工程-简答题-答案-30', '软件工程-简答题-解析-30', '2021-02-22 09:37:30', 5);
INSERT INTO `question` VALUES ('11e9bb6441d541198b29', '30c2a810-2b9a-4', '5bee7847-5c87-4', '05ad6e1c-b8de-4', 'ef4eef5257ac4ea79f55,ef4eef5257ac4ea79f31,ef4eef5257ac4ea79f17,ef4eef5257ac4ea79f50,ef4eef5257ac4ea79f25', '软件工程-简答题-29', 'simple', '软件工程-简答题-答案-29', '软件工程-简答题-解析-29', '2021-02-22 09:37:29', 5);
INSERT INTO `question` VALUES ('11e9bb6441d541198b28', '30c2a810-2b9a-4', '5bee7847-5c87-4', '05ad6e1c-b8de-4', 'ef4eef5257ac4ea79f18,ef4eef5257ac4ea79f13,ef4eef5257ac4ea79f50,ef4eef5257ac4ea79f2,ef4eef5257ac4ea79f25', '软件工程-简答题-28', 'simple', '软件工程-简答题-答案-28', '软件工程-简答题-解析-28', '2021-02-22 09:37:28', 5);
INSERT INTO `question` VALUES ('11e9bb6441d541198b27', '30c2a810-2b9a-4', '5bee7847-5c87-4', '05ad6e1c-b8de-4', 'ef4eef5257ac4ea79f45,ef4eef5257ac4ea79f49,ef4eef5257ac4ea79f1,ef4eef5257ac4ea79f21,ef4eef5257ac4ea79f11', '软件工程-简答题-27', 'simple', '软件工程-简答题-答案-27', '软件工程-简答题-解析-27', '2021-02-22 09:37:27', 5);
INSERT INTO `question` VALUES ('11e9bb6441d541198b26', '30c2a810-2b9a-4', '5bee7847-5c87-4', '05ad6e1c-b8de-4', 'ef4eef5257ac4ea79f36,ef4eef5257ac4ea79f15,ef4eef5257ac4ea79f0,ef4eef5257ac4ea79f17,ef4eef5257ac4ea79f34', '软件工程-简答题-26', 'simple', '软件工程-简答题-答案-26', '软件工程-简答题-解析-26', '2021-02-22 09:37:26', 5);
INSERT INTO `question` VALUES ('11e9bb6441d541198b25', '30c2a810-2b9a-4', '5bee7847-5c87-4', '05ad6e1c-b8de-4', 'ef4eef5257ac4ea79f23,ef4eef5257ac4ea79f40,ef4eef5257ac4ea79f2,ef4eef5257ac4ea79f11,ef4eef5257ac4ea79f24', '软件工程-简答题-25', 'simple', '软件工程-简答题-答案-25', '软件工程-简答题-解析-25', '2021-02-22 09:37:25', 5);
INSERT INTO `question` VALUES ('11e9bb6441d541198b24', '30c2a810-2b9a-4', '5bee7847-5c87-4', '05ad6e1c-b8de-4', 'ef4eef5257ac4ea79f54,ef4eef5257ac4ea79f19,ef4eef5257ac4ea79f49,ef4eef5257ac4ea79f18,ef4eef5257ac4ea79f57', '软件工程-简答题-24', 'simple', '软件工程-简答题-答案-24', '软件工程-简答题-解析-24', '2021-02-22 09:37:24', 5);
INSERT INTO `question` VALUES ('11e9bb6441d541198b23', '30c2a810-2b9a-4', '5bee7847-5c87-4', '05ad6e1c-b8de-4', 'ef4eef5257ac4ea79f35,ef4eef5257ac4ea79f35,ef4eef5257ac4ea79f40,ef4eef5257ac4ea79f29,ef4eef5257ac4ea79f16', '软件工程-简答题-23', 'simple', '软件工程-简答题-答案-23', '软件工程-简答题-解析-23', '2021-02-22 09:37:23', 5);
INSERT INTO `question` VALUES ('11e9bb6441d541198b22', '30c2a810-2b9a-4', '5bee7847-5c87-4', '05ad6e1c-b8de-4', 'ef4eef5257ac4ea79f41,ef4eef5257ac4ea79f52,ef4eef5257ac4ea79f14,ef4eef5257ac4ea79f5,ef4eef5257ac4ea79f56', '软件工程-简答题-22', 'simple', '软件工程-简答题-答案-22', '软件工程-简答题-解析-22', '2021-02-22 09:37:22', 5);
INSERT INTO `question` VALUES ('11e9bb6441d541198b21', '30c2a810-2b9a-4', '5bee7847-5c87-4', '05ad6e1c-b8de-4', 'ef4eef5257ac4ea79f18,ef4eef5257ac4ea79f51,ef4eef5257ac4ea79f19,ef4eef5257ac4ea79f3,ef4eef5257ac4ea79f15', '软件工程-简答题-21', 'simple', '软件工程-简答题-答案-21', '软件工程-简答题-解析-21', '2021-02-22 09:37:21', 5);
INSERT INTO `question` VALUES ('11e9bb6441d541198b20', '30c2a810-2b9a-4', '5bee7847-5c87-4', '05ad6e1c-b8de-4', 'ef4eef5257ac4ea79f3,ef4eef5257ac4ea79f8,ef4eef5257ac4ea79f56,ef4eef5257ac4ea79f32,ef4eef5257ac4ea79f32', '软件工程-简答题-20', 'simple', '软件工程-简答题-答案-20', '软件工程-简答题-解析-20', '2021-02-22 09:37:20', 5);
INSERT INTO `question` VALUES ('11e9bb6441d541198b19', '30c2a810-2b9a-4', '5bee7847-5c87-4', '05ad6e1c-b8de-4', 'ef4eef5257ac4ea79f16,ef4eef5257ac4ea79f56,ef4eef5257ac4ea79f6,ef4eef5257ac4ea79f9,ef4eef5257ac4ea79f17', '软件工程-简答题-19', 'simple', '软件工程-简答题-答案-19', '软件工程-简答题-解析-19', '2021-02-22 09:37:19', 5);
INSERT INTO `question` VALUES ('11e9bb6441d541198b18', '30c2a810-2b9a-4', '5bee7847-5c87-4', '05ad6e1c-b8de-4', 'ef4eef5257ac4ea79f29,ef4eef5257ac4ea79f35,ef4eef5257ac4ea79f7,ef4eef5257ac4ea79f18,ef4eef5257ac4ea79f52', '软件工程-简答题-18', 'simple', '软件工程-简答题-答案-18', '软件工程-简答题-解析-18', '2021-02-22 09:37:18', 5);
INSERT INTO `question` VALUES ('11e9bb6441d541198b17', '30c2a810-2b9a-4', '5bee7847-5c87-4', '05ad6e1c-b8de-4', 'ef4eef5257ac4ea79f7,ef4eef5257ac4ea79f25,ef4eef5257ac4ea79f53,ef4eef5257ac4ea79f13,ef4eef5257ac4ea79f16', '软件工程-简答题-17', 'simple', '软件工程-简答题-答案-17', '软件工程-简答题-解析-17', '2021-02-22 09:37:17', 5);
INSERT INTO `question` VALUES ('11e9bb6441d541198b16', '30c2a810-2b9a-4', '5bee7847-5c87-4', '05ad6e1c-b8de-4', 'ef4eef5257ac4ea79f23,ef4eef5257ac4ea79f4,ef4eef5257ac4ea79f0,ef4eef5257ac4ea79f5,ef4eef5257ac4ea79f36', '软件工程-简答题-16', 'simple', '软件工程-简答题-答案-16', '软件工程-简答题-解析-16', '2021-02-22 09:37:16', 5);
INSERT INTO `question` VALUES ('11e9bb6441d541198b15', '30c2a810-2b9a-4', '5bee7847-5c87-4', '05ad6e1c-b8de-4', 'ef4eef5257ac4ea79f34,ef4eef5257ac4ea79f51,ef4eef5257ac4ea79f17,ef4eef5257ac4ea79f36,ef4eef5257ac4ea79f25', '软件工程-简答题-15', 'simple', '软件工程-简答题-答案-15', '软件工程-简答题-解析-15', '2021-02-22 09:37:15', 5);
INSERT INTO `question` VALUES ('11e9bb6441d541198b14', '30c2a810-2b9a-4', '5bee7847-5c87-4', '05ad6e1c-b8de-4', 'ef4eef5257ac4ea79f0,ef4eef5257ac4ea79f35,ef4eef5257ac4ea79f38,ef4eef5257ac4ea79f39,ef4eef5257ac4ea79f8', '软件工程-简答题-14', 'simple', '软件工程-简答题-答案-14', '软件工程-简答题-解析-14', '2021-02-22 09:37:14', 5);
INSERT INTO `question` VALUES ('11e9bb6441d541198b13', '30c2a810-2b9a-4', '5bee7847-5c87-4', '05ad6e1c-b8de-4', 'ef4eef5257ac4ea79f46,ef4eef5257ac4ea79f49,ef4eef5257ac4ea79f16,ef4eef5257ac4ea79f37,ef4eef5257ac4ea79f20', '软件工程-简答题-13', 'simple', '软件工程-简答题-答案-13', '软件工程-简答题-解析-13', '2021-02-22 09:37:13', 5);
INSERT INTO `question` VALUES ('11e9bb6441d541198b12', '30c2a810-2b9a-4', '5bee7847-5c87-4', '05ad6e1c-b8de-4', 'ef4eef5257ac4ea79f11,ef4eef5257ac4ea79f20,ef4eef5257ac4ea79f37,ef4eef5257ac4ea79f52,ef4eef5257ac4ea79f37', '软件工程-简答题-12', 'simple', '软件工程-简答题-答案-12', '软件工程-简答题-解析-12', '2021-02-22 09:37:12', 5);
INSERT INTO `question` VALUES ('11e9bb6441d541198b11', '30c2a810-2b9a-4', '5bee7847-5c87-4', '05ad6e1c-b8de-4', 'ef4eef5257ac4ea79f34,ef4eef5257ac4ea79f33,ef4eef5257ac4ea79f12,ef4eef5257ac4ea79f9,ef4eef5257ac4ea79f4', '软件工程-简答题-11', 'simple', '软件工程-简答题-答案-11', '软件工程-简答题-解析-11', '2021-02-22 09:37:11', 5);
INSERT INTO `question` VALUES ('11e9bb6441d541198b10', '30c2a810-2b9a-4', '5bee7847-5c87-4', '05ad6e1c-b8de-4', 'ef4eef5257ac4ea79f21,ef4eef5257ac4ea79f23,ef4eef5257ac4ea79f57,ef4eef5257ac4ea79f7,ef4eef5257ac4ea79f10', '软件工程-简答题-10', 'simple', '软件工程-简答题-答案-10', '软件工程-简答题-解析-10', '2021-02-22 09:37:10', 5);
INSERT INTO `question` VALUES ('11e9bb6441d541198b9', '30c2a810-2b9a-4', '5bee7847-5c87-4', '05ad6e1c-b8de-4', 'ef4eef5257ac4ea79f33,ef4eef5257ac4ea79f51,ef4eef5257ac4ea79f39,ef4eef5257ac4ea79f13,ef4eef5257ac4ea79f28', '软件工程-简答题-9', 'simple', '软件工程-简答题-答案-9', '软件工程-简答题-解析-9', '2021-02-22 09:37:09', 5);
INSERT INTO `question` VALUES ('11e9bb6441d541198b8', '30c2a810-2b9a-4', '5bee7847-5c87-4', '05ad6e1c-b8de-4', 'ef4eef5257ac4ea79f3,ef4eef5257ac4ea79f38,ef4eef5257ac4ea79f26,ef4eef5257ac4ea79f17,ef4eef5257ac4ea79f32', '软件工程-简答题-8', 'simple', '软件工程-简答题-答案-8', '软件工程-简答题-解析-8', '2021-02-22 09:37:08', 5);
INSERT INTO `question` VALUES ('11e9bb6441d541198b7', '30c2a810-2b9a-4', '5bee7847-5c87-4', '05ad6e1c-b8de-4', 'ef4eef5257ac4ea79f10,ef4eef5257ac4ea79f37,ef4eef5257ac4ea79f50,ef4eef5257ac4ea79f18,ef4eef5257ac4ea79f12', '软件工程-简答题-7', 'simple', '软件工程-简答题-答案-7', '软件工程-简答题-解析-7', '2021-02-22 09:37:07', 5);
INSERT INTO `question` VALUES ('11e9bb6441d541198b6', '30c2a810-2b9a-4', '5bee7847-5c87-4', '05ad6e1c-b8de-4', 'ef4eef5257ac4ea79f31,ef4eef5257ac4ea79f29,ef4eef5257ac4ea79f2,ef4eef5257ac4ea79f13,ef4eef5257ac4ea79f35', '软件工程-简答题-6', 'simple', '软件工程-简答题-答案-6', '软件工程-简答题-解析-6', '2021-02-22 09:37:06', 5);
INSERT INTO `question` VALUES ('11e9bb6441d541198b5', '30c2a810-2b9a-4', '5bee7847-5c87-4', '05ad6e1c-b8de-4', 'ef4eef5257ac4ea79f12,ef4eef5257ac4ea79f31,ef4eef5257ac4ea79f8,ef4eef5257ac4ea79f51,ef4eef5257ac4ea79f0', '软件工程-简答题-5', 'simple', '软件工程-简答题-答案-5', '软件工程-简答题-解析-5', '2021-02-22 09:37:05', 5);
INSERT INTO `question` VALUES ('11e9bb6441d541198b4', '30c2a810-2b9a-4', '5bee7847-5c87-4', '05ad6e1c-b8de-4', 'ef4eef5257ac4ea79f24,ef4eef5257ac4ea79f16,ef4eef5257ac4ea79f11,ef4eef5257ac4ea79f24,ef4eef5257ac4ea79f0', '软件工程-简答题-4', 'simple', '软件工程-简答题-答案-4', '软件工程-简答题-解析-4', '2021-02-22 09:37:04', 5);
INSERT INTO `question` VALUES ('11e9bb6441d541198b3', '30c2a810-2b9a-4', '5bee7847-5c87-4', '05ad6e1c-b8de-4', 'ef4eef5257ac4ea79f41,ef4eef5257ac4ea79f9,ef4eef5257ac4ea79f3,ef4eef5257ac4ea79f15,ef4eef5257ac4ea79f43', '软件工程-简答题-3', 'simple', '软件工程-简答题-答案-3', '软件工程-简答题-解析-3', '2021-02-22 09:37:03', 5);
INSERT INTO `question` VALUES ('11e9bb6441d541198b2', '30c2a810-2b9a-4', '5bee7847-5c87-4', '05ad6e1c-b8de-4', 'ef4eef5257ac4ea79f28,ef4eef5257ac4ea79f27,ef4eef5257ac4ea79f25,ef4eef5257ac4ea79f10,ef4eef5257ac4ea79f15', '软件工程-简答题-2', 'simple', '软件工程-简答题-答案-2', '软件工程-简答题-解析-2', '2021-02-22 09:37:02', 5);
INSERT INTO `question` VALUES ('11e9bb6441d541198b1', '30c2a810-2b9a-4', '5bee7847-5c87-4', '05ad6e1c-b8de-4', 'ef4eef5257ac4ea79f30,ef4eef5257ac4ea79f15,ef4eef5257ac4ea79f15,ef4eef5257ac4ea79f14,ef4eef5257ac4ea79f3', '软件工程-简答题-1', 'simple', '软件工程-简答题-答案-1', '软件工程-简答题-解析-1', '2021-02-22 09:37:01', 5);
INSERT INTO `question` VALUES ('11e9bb6441d541198b0', '30c2a810-2b9a-4', '5bee7847-5c87-4', '05ad6e1c-b8de-4', 'ef4eef5257ac4ea79f22,ef4eef5257ac4ea79f21,ef4eef5257ac4ea79f21,ef4eef5257ac4ea79f24,ef4eef5257ac4ea79f58', '软件工程-简答题-0', 'simple', '软件工程-简答题-答案-0', '软件工程-简答题-解析-0', '2021-02-22 09:37:00', 5);
INSERT INTO `question` VALUES ('11e9bb6441d541198a59', '30c2a810-2b9a-4', '5bee7847-5c87-4', '05ad6e1c-b8de-4', 'ef4eef5257ac4ea79f33,ef4eef5257ac4ea79f53,ef4eef5257ac4ea79f43,ef4eef5257ac4ea79f21,ef4eef5257ac4ea79f11', '软件工程-判断题-59', 'bool', '错误【×】', '软件工程-判断题-解析-59', '2021-02-22 09:36:59', 5);
INSERT INTO `question` VALUES ('11e9bb6441d541198a58', '30c2a810-2b9a-4', '5bee7847-5c87-4', '05ad6e1c-b8de-4', 'ef4eef5257ac4ea79f17,ef4eef5257ac4ea79f10,ef4eef5257ac4ea79f34,ef4eef5257ac4ea79f11,ef4eef5257ac4ea79f21', '软件工程-判断题-58', 'bool', '错误【×】', '软件工程-判断题-解析-58', '2021-02-22 09:36:58', 5);
INSERT INTO `question` VALUES ('11e9bb6441d541198a57', '30c2a810-2b9a-4', '5bee7847-5c87-4', '05ad6e1c-b8de-4', 'ef4eef5257ac4ea79f27,ef4eef5257ac4ea79f27,ef4eef5257ac4ea79f50,ef4eef5257ac4ea79f13,ef4eef5257ac4ea79f9', '软件工程-判断题-57', 'bool', '正确【√】', '软件工程-判断题-解析-57', '2021-02-22 09:36:57', 5);
INSERT INTO `question` VALUES ('11e9bb6441d541198a56', '30c2a810-2b9a-4', '5bee7847-5c87-4', '05ad6e1c-b8de-4', 'ef4eef5257ac4ea79f12,ef4eef5257ac4ea79f32,ef4eef5257ac4ea79f48,ef4eef5257ac4ea79f3,ef4eef5257ac4ea79f34', '软件工程-判断题-56', 'bool', '正确【√】', '软件工程-判断题-解析-56', '2021-02-22 09:36:56', 5);
INSERT INTO `question` VALUES ('11e9bb6441d541198a55', '30c2a810-2b9a-4', '5bee7847-5c87-4', '05ad6e1c-b8de-4', 'ef4eef5257ac4ea79f12,ef4eef5257ac4ea79f58,ef4eef5257ac4ea79f38,ef4eef5257ac4ea79f30,ef4eef5257ac4ea79f14', '软件工程-判断题-55', 'bool', '错误【×】', '软件工程-判断题-解析-55', '2021-02-22 09:36:55', 5);
INSERT INTO `question` VALUES ('11e9bb6441d541198a54', '30c2a810-2b9a-4', '5bee7847-5c87-4', '05ad6e1c-b8de-4', 'ef4eef5257ac4ea79f15,ef4eef5257ac4ea79f22,ef4eef5257ac4ea79f53,ef4eef5257ac4ea79f37,ef4eef5257ac4ea79f59', '软件工程-判断题-54', 'bool', '正确【√】', '软件工程-判断题-解析-54', '2021-02-22 09:36:54', 5);
INSERT INTO `question` VALUES ('11e9bb6441d541198a53', '30c2a810-2b9a-4', '5bee7847-5c87-4', '05ad6e1c-b8de-4', 'ef4eef5257ac4ea79f34,ef4eef5257ac4ea79f8,ef4eef5257ac4ea79f24,ef4eef5257ac4ea79f35,ef4eef5257ac4ea79f36', '软件工程-判断题-53', 'bool', '错误【×】', '软件工程-判断题-解析-53', '2021-02-22 09:36:53', 5);
INSERT INTO `question` VALUES ('11e9bb6441d541198a52', '30c2a810-2b9a-4', '5bee7847-5c87-4', '05ad6e1c-b8de-4', 'ef4eef5257ac4ea79f12,ef4eef5257ac4ea79f16,ef4eef5257ac4ea79f2,ef4eef5257ac4ea79f0,ef4eef5257ac4ea79f1', '软件工程-判断题-52', 'bool', '错误【×】', '软件工程-判断题-解析-52', '2021-02-22 09:36:52', 5);
INSERT INTO `question` VALUES ('11e9bb6441d541198a51', '30c2a810-2b9a-4', '5bee7847-5c87-4', '05ad6e1c-b8de-4', 'ef4eef5257ac4ea79f10,ef4eef5257ac4ea79f26,ef4eef5257ac4ea79f9,ef4eef5257ac4ea79f16,ef4eef5257ac4ea79f0', '软件工程-判断题-51', 'bool', '错误【×】', '软件工程-判断题-解析-51', '2021-02-22 09:36:51', 5);
INSERT INTO `question` VALUES ('11e9bb6441d541198a50', '30c2a810-2b9a-4', '5bee7847-5c87-4', '05ad6e1c-b8de-4', 'ef4eef5257ac4ea79f48,ef4eef5257ac4ea79f1,ef4eef5257ac4ea79f14,ef4eef5257ac4ea79f3,ef4eef5257ac4ea79f45', '软件工程-判断题-50', 'bool', '正确【√】', '软件工程-判断题-解析-50', '2021-02-22 09:36:50', 5);
INSERT INTO `question` VALUES ('11e9bb6441d541198a49', '30c2a810-2b9a-4', '5bee7847-5c87-4', '05ad6e1c-b8de-4', 'ef4eef5257ac4ea79f11,ef4eef5257ac4ea79f28,ef4eef5257ac4ea79f12,ef4eef5257ac4ea79f38,ef4eef5257ac4ea79f25', '软件工程-判断题-49', 'bool', '正确【√】', '软件工程-判断题-解析-49', '2021-02-22 09:36:49', 5);
INSERT INTO `question` VALUES ('11e9bb6441d541198a48', '30c2a810-2b9a-4', '5bee7847-5c87-4', '05ad6e1c-b8de-4', 'ef4eef5257ac4ea79f37,ef4eef5257ac4ea79f6,ef4eef5257ac4ea79f9,ef4eef5257ac4ea79f44,ef4eef5257ac4ea79f16', '软件工程-判断题-48', 'bool', '正确【√】', '软件工程-判断题-解析-48', '2021-02-22 09:36:48', 5);
INSERT INTO `question` VALUES ('11e9bb6441d541198a47', '30c2a810-2b9a-4', '5bee7847-5c87-4', '05ad6e1c-b8de-4', 'ef4eef5257ac4ea79f26,ef4eef5257ac4ea79f32,ef4eef5257ac4ea79f21,ef4eef5257ac4ea79f1,ef4eef5257ac4ea79f6', '软件工程-判断题-47', 'bool', '错误【×】', '软件工程-判断题-解析-47', '2021-02-22 09:36:47', 5);
INSERT INTO `question` VALUES ('11e9bb6441d541198a46', '30c2a810-2b9a-4', '5bee7847-5c87-4', '05ad6e1c-b8de-4', 'ef4eef5257ac4ea79f50,ef4eef5257ac4ea79f14,ef4eef5257ac4ea79f39,ef4eef5257ac4ea79f51,ef4eef5257ac4ea79f4', '软件工程-判断题-46', 'bool', '正确【√】', '软件工程-判断题-解析-46', '2021-02-22 09:36:46', 5);
INSERT INTO `question` VALUES ('11e9bb6441d541198a45', '30c2a810-2b9a-4', '5bee7847-5c87-4', '05ad6e1c-b8de-4', 'ef4eef5257ac4ea79f14,ef4eef5257ac4ea79f24,ef4eef5257ac4ea79f58,ef4eef5257ac4ea79f22,ef4eef5257ac4ea79f31', '软件工程-判断题-45', 'bool', '正确【√】', '软件工程-判断题-解析-45', '2021-02-22 09:36:45', 5);
INSERT INTO `question` VALUES ('11e9bb6441d541198a44', '30c2a810-2b9a-4', '5bee7847-5c87-4', '05ad6e1c-b8de-4', 'ef4eef5257ac4ea79f24,ef4eef5257ac4ea79f56,ef4eef5257ac4ea79f12,ef4eef5257ac4ea79f4,ef4eef5257ac4ea79f51', '软件工程-判断题-44', 'bool', '错误【×】', '软件工程-判断题-解析-44', '2021-02-22 09:36:44', 5);
INSERT INTO `question` VALUES ('11e9bb6441d541198a43', '30c2a810-2b9a-4', '5bee7847-5c87-4', '05ad6e1c-b8de-4', 'ef4eef5257ac4ea79f34,ef4eef5257ac4ea79f24,ef4eef5257ac4ea79f11,ef4eef5257ac4ea79f16,ef4eef5257ac4ea79f34', '软件工程-判断题-43', 'bool', '错误【×】', '软件工程-判断题-解析-43', '2021-02-22 09:36:43', 5);
INSERT INTO `question` VALUES ('11e9bb6441d541198a42', '30c2a810-2b9a-4', '5bee7847-5c87-4', '05ad6e1c-b8de-4', 'ef4eef5257ac4ea79f7,ef4eef5257ac4ea79f32,ef4eef5257ac4ea79f22,ef4eef5257ac4ea79f20,ef4eef5257ac4ea79f26', '软件工程-判断题-42', 'bool', '错误【×】', '软件工程-判断题-解析-42', '2021-02-22 09:36:42', 5);
INSERT INTO `question` VALUES ('11e9bb6441d541198a41', '30c2a810-2b9a-4', '5bee7847-5c87-4', '05ad6e1c-b8de-4', 'ef4eef5257ac4ea79f6,ef4eef5257ac4ea79f17,ef4eef5257ac4ea79f26,ef4eef5257ac4ea79f25,ef4eef5257ac4ea79f13', '软件工程-判断题-41', 'bool', '正确【√】', '软件工程-判断题-解析-41', '2021-02-22 09:36:41', 5);
INSERT INTO `question` VALUES ('11e9bb6441d541198a40', '30c2a810-2b9a-4', '5bee7847-5c87-4', '05ad6e1c-b8de-4', 'ef4eef5257ac4ea79f20,ef4eef5257ac4ea79f29,ef4eef5257ac4ea79f20,ef4eef5257ac4ea79f22,ef4eef5257ac4ea79f29', '软件工程-判断题-40', 'bool', '正确【√】', '软件工程-判断题-解析-40', '2021-02-22 09:36:40', 5);
INSERT INTO `question` VALUES ('11e9bb6441d541198a39', '30c2a810-2b9a-4', '5bee7847-5c87-4', '05ad6e1c-b8de-4', 'ef4eef5257ac4ea79f25,ef4eef5257ac4ea79f0,ef4eef5257ac4ea79f18,ef4eef5257ac4ea79f57,ef4eef5257ac4ea79f42', '软件工程-判断题-39', 'bool', '错误【×】', '软件工程-判断题-解析-39', '2021-02-22 09:36:39', 5);
INSERT INTO `question` VALUES ('11e9bb6441d541198a38', '30c2a810-2b9a-4', '5bee7847-5c87-4', '05ad6e1c-b8de-4', 'ef4eef5257ac4ea79f21,ef4eef5257ac4ea79f28,ef4eef5257ac4ea79f28,ef4eef5257ac4ea79f30,ef4eef5257ac4ea79f24', '软件工程-判断题-38', 'bool', '正确【√】', '软件工程-判断题-解析-38', '2021-02-22 09:36:38', 5);
INSERT INTO `question` VALUES ('11e9bb6441d541198a37', '30c2a810-2b9a-4', '5bee7847-5c87-4', '05ad6e1c-b8de-4', 'ef4eef5257ac4ea79f19,ef4eef5257ac4ea79f23,ef4eef5257ac4ea79f29,ef4eef5257ac4ea79f31,ef4eef5257ac4ea79f53', '软件工程-判断题-37', 'bool', '正确【√】', '软件工程-判断题-解析-37', '2021-02-22 09:36:37', 5);
INSERT INTO `question` VALUES ('11e9bb6441d541198a36', '30c2a810-2b9a-4', '5bee7847-5c87-4', '05ad6e1c-b8de-4', 'ef4eef5257ac4ea79f15,ef4eef5257ac4ea79f54,ef4eef5257ac4ea79f19,ef4eef5257ac4ea79f5,ef4eef5257ac4ea79f15', '软件工程-判断题-36', 'bool', '错误【×】', '软件工程-判断题-解析-36', '2021-02-22 09:36:36', 5);
INSERT INTO `question` VALUES ('11e9bb6441d541198a35', '30c2a810-2b9a-4', '5bee7847-5c87-4', '05ad6e1c-b8de-4', 'ef4eef5257ac4ea79f39,ef4eef5257ac4ea79f51,ef4eef5257ac4ea79f45,ef4eef5257ac4ea79f2,ef4eef5257ac4ea79f23', '软件工程-判断题-35', 'bool', '正确【√】', '软件工程-判断题-解析-35', '2021-02-22 09:36:35', 5);
INSERT INTO `question` VALUES ('11e9bb6441d541198a34', '30c2a810-2b9a-4', '5bee7847-5c87-4', '05ad6e1c-b8de-4', 'ef4eef5257ac4ea79f41,ef4eef5257ac4ea79f25,ef4eef5257ac4ea79f28,ef4eef5257ac4ea79f59,ef4eef5257ac4ea79f33', '软件工程-判断题-34', 'bool', '错误【×】', '软件工程-判断题-解析-34', '2021-02-22 09:36:34', 5);
INSERT INTO `question` VALUES ('11e9bb6441d541198a33', '30c2a810-2b9a-4', '5bee7847-5c87-4', '05ad6e1c-b8de-4', 'ef4eef5257ac4ea79f39,ef4eef5257ac4ea79f0,ef4eef5257ac4ea79f49,ef4eef5257ac4ea79f59,ef4eef5257ac4ea79f29', '软件工程-判断题-33', 'bool', '错误【×】', '软件工程-判断题-解析-33', '2021-02-22 09:36:33', 5);
INSERT INTO `question` VALUES ('11e9bb6441d541198a32', '30c2a810-2b9a-4', '5bee7847-5c87-4', '05ad6e1c-b8de-4', 'ef4eef5257ac4ea79f35,ef4eef5257ac4ea79f44,ef4eef5257ac4ea79f33,ef4eef5257ac4ea79f11,ef4eef5257ac4ea79f23', '软件工程-判断题-32', 'bool', '错误【×】', '软件工程-判断题-解析-32', '2021-02-22 09:36:32', 5);
INSERT INTO `question` VALUES ('11e9bb6441d541198a31', '30c2a810-2b9a-4', '5bee7847-5c87-4', '05ad6e1c-b8de-4', 'ef4eef5257ac4ea79f43,ef4eef5257ac4ea79f34,ef4eef5257ac4ea79f41,ef4eef5257ac4ea79f12,ef4eef5257ac4ea79f2', '软件工程-判断题-31', 'bool', '正确【√】', '软件工程-判断题-解析-31', '2021-02-22 09:36:31', 5);
INSERT INTO `question` VALUES ('11e9bb6441d541198a30', '30c2a810-2b9a-4', '5bee7847-5c87-4', '05ad6e1c-b8de-4', 'ef4eef5257ac4ea79f0,ef4eef5257ac4ea79f33,ef4eef5257ac4ea79f22,ef4eef5257ac4ea79f39,ef4eef5257ac4ea79f26', '软件工程-判断题-30', 'bool', '正确【√】', '软件工程-判断题-解析-30', '2021-02-22 09:36:30', 5);
INSERT INTO `question` VALUES ('11e9bb6441d541198a29', '30c2a810-2b9a-4', '5bee7847-5c87-4', '05ad6e1c-b8de-4', 'ef4eef5257ac4ea79f2,ef4eef5257ac4ea79f35,ef4eef5257ac4ea79f25,ef4eef5257ac4ea79f6,ef4eef5257ac4ea79f19', '软件工程-判断题-29', 'bool', '正确【√】', '软件工程-判断题-解析-29', '2021-02-22 09:36:29', 5);
INSERT INTO `question` VALUES ('11e9bb6441d541198a28', '30c2a810-2b9a-4', '5bee7847-5c87-4', '05ad6e1c-b8de-4', 'ef4eef5257ac4ea79f38,ef4eef5257ac4ea79f15,ef4eef5257ac4ea79f36,ef4eef5257ac4ea79f33,ef4eef5257ac4ea79f12', '软件工程-判断题-28', 'bool', '正确【√】', '软件工程-判断题-解析-28', '2021-02-22 09:36:28', 5);
INSERT INTO `question` VALUES ('11e9bb6441d541198a27', '30c2a810-2b9a-4', '5bee7847-5c87-4', '05ad6e1c-b8de-4', 'ef4eef5257ac4ea79f51,ef4eef5257ac4ea79f22,ef4eef5257ac4ea79f18,ef4eef5257ac4ea79f51,ef4eef5257ac4ea79f49', '软件工程-判断题-27', 'bool', '正确【√】', '软件工程-判断题-解析-27', '2021-02-22 09:36:27', 5);
INSERT INTO `question` VALUES ('11e9bb6441d541198a26', '30c2a810-2b9a-4', '5bee7847-5c87-4', '05ad6e1c-b8de-4', 'ef4eef5257ac4ea79f11,ef4eef5257ac4ea79f20,ef4eef5257ac4ea79f54,ef4eef5257ac4ea79f6,ef4eef5257ac4ea79f52', '软件工程-判断题-26', 'bool', '错误【×】', '软件工程-判断题-解析-26', '2021-02-22 09:36:26', 5);
INSERT INTO `question` VALUES ('11e9bb6441d541198a25', '30c2a810-2b9a-4', '5bee7847-5c87-4', '05ad6e1c-b8de-4', 'ef4eef5257ac4ea79f17,ef4eef5257ac4ea79f30,ef4eef5257ac4ea79f55,ef4eef5257ac4ea79f31,ef4eef5257ac4ea79f10', '软件工程-判断题-25', 'bool', '错误【×】', '软件工程-判断题-解析-25', '2021-02-22 09:36:25', 5);
INSERT INTO `question` VALUES ('11e9bb6441d541198a24', '30c2a810-2b9a-4', '5bee7847-5c87-4', '05ad6e1c-b8de-4', 'ef4eef5257ac4ea79f10,ef4eef5257ac4ea79f33,ef4eef5257ac4ea79f5,ef4eef5257ac4ea79f13,ef4eef5257ac4ea79f39', '软件工程-判断题-24', 'bool', '正确【√】', '软件工程-判断题-解析-24', '2021-02-22 09:36:24', 5);
INSERT INTO `question` VALUES ('11e9bb6441d541198a23', '30c2a810-2b9a-4', '5bee7847-5c87-4', '05ad6e1c-b8de-4', 'ef4eef5257ac4ea79f5,ef4eef5257ac4ea79f31,ef4eef5257ac4ea79f17,ef4eef5257ac4ea79f22,ef4eef5257ac4ea79f53', '软件工程-判断题-23', 'bool', '错误【×】', '软件工程-判断题-解析-23', '2021-02-22 09:36:23', 5);
INSERT INTO `question` VALUES ('11e9bb6441d541198a22', '30c2a810-2b9a-4', '5bee7847-5c87-4', '05ad6e1c-b8de-4', 'ef4eef5257ac4ea79f26,ef4eef5257ac4ea79f3,ef4eef5257ac4ea79f3,ef4eef5257ac4ea79f34,ef4eef5257ac4ea79f3', '软件工程-判断题-22', 'bool', '错误【×】', '软件工程-判断题-解析-22', '2021-02-22 09:36:22', 5);
INSERT INTO `question` VALUES ('11e9bb6441d541198a21', '30c2a810-2b9a-4', '5bee7847-5c87-4', '05ad6e1c-b8de-4', 'ef4eef5257ac4ea79f23,ef4eef5257ac4ea79f9,ef4eef5257ac4ea79f36,ef4eef5257ac4ea79f6,ef4eef5257ac4ea79f14', '软件工程-判断题-21', 'bool', '正确【√】', '软件工程-判断题-解析-21', '2021-02-22 09:36:21', 5);
INSERT INTO `question` VALUES ('11e9bb6441d541198a20', '30c2a810-2b9a-4', '5bee7847-5c87-4', '05ad6e1c-b8de-4', 'ef4eef5257ac4ea79f23,ef4eef5257ac4ea79f16,ef4eef5257ac4ea79f26,ef4eef5257ac4ea79f19,ef4eef5257ac4ea79f44', '软件工程-判断题-20', 'bool', '错误【×】', '软件工程-判断题-解析-20', '2021-02-22 09:36:20', 5);
INSERT INTO `question` VALUES ('11e9bb6441d541198a19', '30c2a810-2b9a-4', '5bee7847-5c87-4', '05ad6e1c-b8de-4', 'ef4eef5257ac4ea79f20,ef4eef5257ac4ea79f59,ef4eef5257ac4ea79f16,ef4eef5257ac4ea79f18,ef4eef5257ac4ea79f5', '软件工程-判断题-19', 'bool', '正确【√】', '软件工程-判断题-解析-19', '2021-02-22 09:36:19', 5);
INSERT INTO `question` VALUES ('11e9bb6441d541198a18', '30c2a810-2b9a-4', '5bee7847-5c87-4', '05ad6e1c-b8de-4', 'ef4eef5257ac4ea79f56,ef4eef5257ac4ea79f1,ef4eef5257ac4ea79f32,ef4eef5257ac4ea79f16,ef4eef5257ac4ea79f33', '软件工程-判断题-18', 'bool', '正确【√】', '软件工程-判断题-解析-18', '2021-02-22 09:36:18', 5);
INSERT INTO `question` VALUES ('11e9bb6441d541198a17', '30c2a810-2b9a-4', '5bee7847-5c87-4', '05ad6e1c-b8de-4', 'ef4eef5257ac4ea79f24,ef4eef5257ac4ea79f1,ef4eef5257ac4ea79f36,ef4eef5257ac4ea79f5,ef4eef5257ac4ea79f1', '软件工程-判断题-17', 'bool', '错误【×】', '软件工程-判断题-解析-17', '2021-02-22 09:36:17', 5);
INSERT INTO `question` VALUES ('11e9bb6441d541198a16', '30c2a810-2b9a-4', '5bee7847-5c87-4', '05ad6e1c-b8de-4', 'ef4eef5257ac4ea79f11,ef4eef5257ac4ea79f27,ef4eef5257ac4ea79f38,ef4eef5257ac4ea79f18,ef4eef5257ac4ea79f4', '软件工程-判断题-16', 'bool', '错误【×】', '软件工程-判断题-解析-16', '2021-02-22 09:36:16', 5);
INSERT INTO `question` VALUES ('11e9bb6441d541198a15', '30c2a810-2b9a-4', '5bee7847-5c87-4', '05ad6e1c-b8de-4', 'ef4eef5257ac4ea79f11,ef4eef5257ac4ea79f34,ef4eef5257ac4ea79f34,ef4eef5257ac4ea79f28,ef4eef5257ac4ea79f26', '软件工程-判断题-15', 'bool', '正确【√】', '软件工程-判断题-解析-15', '2021-02-22 09:36:15', 5);
INSERT INTO `question` VALUES ('11e9bb6441d541198a14', '30c2a810-2b9a-4', '5bee7847-5c87-4', '05ad6e1c-b8de-4', 'ef4eef5257ac4ea79f25,ef4eef5257ac4ea79f59,ef4eef5257ac4ea79f27,ef4eef5257ac4ea79f12,ef4eef5257ac4ea79f54', '软件工程-判断题-14', 'bool', '错误【×】', '软件工程-判断题-解析-14', '2021-02-22 09:36:14', 5);
INSERT INTO `question` VALUES ('11e9bb6441d541198a13', '30c2a810-2b9a-4', '5bee7847-5c87-4', '05ad6e1c-b8de-4', 'ef4eef5257ac4ea79f9,ef4eef5257ac4ea79f19,ef4eef5257ac4ea79f35,ef4eef5257ac4ea79f9,ef4eef5257ac4ea79f1', '软件工程-判断题-13', 'bool', '正确【√】', '软件工程-判断题-解析-13', '2021-02-22 09:36:13', 5);
INSERT INTO `question` VALUES ('11e9bb6441d541198a12', '30c2a810-2b9a-4', '5bee7847-5c87-4', '05ad6e1c-b8de-4', 'ef4eef5257ac4ea79f24,ef4eef5257ac4ea79f54,ef4eef5257ac4ea79f10,ef4eef5257ac4ea79f6,ef4eef5257ac4ea79f52', '软件工程-判断题-12', 'bool', '正确【√】', '软件工程-判断题-解析-12', '2021-02-22 09:36:12', 5);
INSERT INTO `question` VALUES ('11e9bb6441d541198a11', '30c2a810-2b9a-4', '5bee7847-5c87-4', '05ad6e1c-b8de-4', 'ef4eef5257ac4ea79f46,ef4eef5257ac4ea79f17,ef4eef5257ac4ea79f7,ef4eef5257ac4ea79f44,ef4eef5257ac4ea79f46', '软件工程-判断题-11', 'bool', '正确【√】', '软件工程-判断题-解析-11', '2021-02-22 09:36:11', 5);
INSERT INTO `question` VALUES ('11e9bb6441d541198a10', '30c2a810-2b9a-4', '5bee7847-5c87-4', '05ad6e1c-b8de-4', 'ef4eef5257ac4ea79f2,ef4eef5257ac4ea79f28,ef4eef5257ac4ea79f27,ef4eef5257ac4ea79f40,ef4eef5257ac4ea79f5', '软件工程-判断题-10', 'bool', '正确【√】', '软件工程-判断题-解析-10', '2021-02-22 09:36:10', 5);
INSERT INTO `question` VALUES ('11e9bb6441d541198a9', '30c2a810-2b9a-4', '5bee7847-5c87-4', '05ad6e1c-b8de-4', 'ef4eef5257ac4ea79f1,ef4eef5257ac4ea79f30,ef4eef5257ac4ea79f6,ef4eef5257ac4ea79f32,ef4eef5257ac4ea79f1', '软件工程-判断题-9', 'bool', '正确【√】', '软件工程-判断题-解析-9', '2021-02-22 09:36:09', 5);
INSERT INTO `question` VALUES ('11e9bb6441d541198a8', '30c2a810-2b9a-4', '5bee7847-5c87-4', '05ad6e1c-b8de-4', 'ef4eef5257ac4ea79f49,ef4eef5257ac4ea79f25,ef4eef5257ac4ea79f11,ef4eef5257ac4ea79f35,ef4eef5257ac4ea79f15', '软件工程-判断题-8', 'bool', '错误【×】', '软件工程-判断题-解析-8', '2021-02-22 09:36:08', 5);
INSERT INTO `question` VALUES ('11e9bb6441d541198a7', '30c2a810-2b9a-4', '5bee7847-5c87-4', '05ad6e1c-b8de-4', 'ef4eef5257ac4ea79f6,ef4eef5257ac4ea79f56,ef4eef5257ac4ea79f22,ef4eef5257ac4ea79f37,ef4eef5257ac4ea79f19', '软件工程-判断题-7', 'bool', '正确【√】', '软件工程-判断题-解析-7', '2021-02-22 09:36:07', 5);
INSERT INTO `question` VALUES ('11e9bb6441d541198a6', '30c2a810-2b9a-4', '5bee7847-5c87-4', '05ad6e1c-b8de-4', 'ef4eef5257ac4ea79f17,ef4eef5257ac4ea79f21,ef4eef5257ac4ea79f18,ef4eef5257ac4ea79f40,ef4eef5257ac4ea79f7', '软件工程-判断题-6', 'bool', '正确【√】', '软件工程-判断题-解析-6', '2021-02-22 09:36:06', 5);
INSERT INTO `question` VALUES ('11e9bb6441d541198a5', '30c2a810-2b9a-4', '5bee7847-5c87-4', '05ad6e1c-b8de-4', 'ef4eef5257ac4ea79f30,ef4eef5257ac4ea79f43,ef4eef5257ac4ea79f21,ef4eef5257ac4ea79f31,ef4eef5257ac4ea79f9', '软件工程-判断题-5', 'bool', '错误【×】', '软件工程-判断题-解析-5', '2021-02-22 09:36:05', 5);
INSERT INTO `question` VALUES ('11e9bb6441d541198a4', '30c2a810-2b9a-4', '5bee7847-5c87-4', '05ad6e1c-b8de-4', 'ef4eef5257ac4ea79f37,ef4eef5257ac4ea79f10,ef4eef5257ac4ea79f35,ef4eef5257ac4ea79f25,ef4eef5257ac4ea79f24', '软件工程-判断题-4', 'bool', '正确【√】', '软件工程-判断题-解析-4', '2021-02-22 09:36:04', 5);
INSERT INTO `question` VALUES ('11e9bb6441d541198a3', '30c2a810-2b9a-4', '5bee7847-5c87-4', '05ad6e1c-b8de-4', 'ef4eef5257ac4ea79f25,ef4eef5257ac4ea79f21,ef4eef5257ac4ea79f31,ef4eef5257ac4ea79f39,ef4eef5257ac4ea79f33', '软件工程-判断题-3', 'bool', '错误【×】', '软件工程-判断题-解析-3', '2021-02-22 09:36:03', 5);
INSERT INTO `question` VALUES ('11e9bb6441d541198a2', '30c2a810-2b9a-4', '5bee7847-5c87-4', '05ad6e1c-b8de-4', 'ef4eef5257ac4ea79f35,ef4eef5257ac4ea79f36,ef4eef5257ac4ea79f31,ef4eef5257ac4ea79f8,ef4eef5257ac4ea79f18', '软件工程-判断题-2', 'bool', '错误【×】', '软件工程-判断题-解析-2', '2021-02-22 09:36:02', 5);
INSERT INTO `question` VALUES ('11e9bb6441d541198a1', '30c2a810-2b9a-4', '5bee7847-5c87-4', '05ad6e1c-b8de-4', 'ef4eef5257ac4ea79f27,ef4eef5257ac4ea79f31,ef4eef5257ac4ea79f11,ef4eef5257ac4ea79f42,ef4eef5257ac4ea79f51', '软件工程-判断题-1', 'bool', '错误【×】', '软件工程-判断题-解析-1', '2021-02-22 09:36:01', 5);
INSERT INTO `question` VALUES ('11e9bb6441d541198a0', '30c2a810-2b9a-4', '5bee7847-5c87-4', '05ad6e1c-b8de-4', 'ef4eef5257ac4ea79f3,ef4eef5257ac4ea79f30,ef4eef5257ac4ea79f28,ef4eef5257ac4ea79f47,ef4eef5257ac4ea79f58', '软件工程-判断题-0', 'bool', '错误【×】', '软件工程-判断题-解析-0', '2021-02-22 09:36:00', 5);
INSERT INTO `question` VALUES ('11e9bb6441d541198a', '30c2a810-2b9a-4', '5bee7847-5c87-4', '05ad6e1c-b8de-4', 'ef4eef5257ac4ea79f46', '软件工程-判断题-', 'bool', '正确【x】', '软件工程-判断题-解析-', '2021-02-22 09:36:01', 5);
INSERT INTO `question` VALUES ('11e9bb6441d5411981', '30c2a810-2b9a-4', '5bee7847-5c87-4', '05ad6e1c-b8de-4', 'ef4eef5257ac4ea79f46', '软件工程-判断题', 'bool', '正确【√】', '软件工程-判断题-解析', '2021-02-22 09:36:01', 5);
INSERT INTO `question` VALUES ('11e9bb6441d541198b44', '30c2a810-2b9a-4', '5bee7847-5c87-4', '05ad6e1c-b8de-4', 'ef4eef5257ac4ea79f46,ef4eef5257ac4ea79f59,ef4eef5257ac4ea79f4,ef4eef5257ac4ea79f30,ef4eef5257ac4ea79f23', '软件工程-简答题-44', 'simple', '软件工程-简答题-答案-44', '软件工程-简答题-解析-44', '2021-02-22 09:37:44', 5);
INSERT INTO `question` VALUES ('11e9bb6441d541198b45', '30c2a810-2b9a-4', '5bee7847-5c87-4', '05ad6e1c-b8de-4', 'ef4eef5257ac4ea79f13,ef4eef5257ac4ea79f32,ef4eef5257ac4ea79f56,ef4eef5257ac4ea79f27,ef4eef5257ac4ea79f15', '软件工程-简答题-45', 'simple', '软件工程-简答题-答案-45', '软件工程-简答题-解析-45', '2021-02-22 09:37:45', 5);
INSERT INTO `question` VALUES ('11e9bb6441d541198b46', '30c2a810-2b9a-4', '5bee7847-5c87-4', '05ad6e1c-b8de-4', 'ef4eef5257ac4ea79f44,ef4eef5257ac4ea79f29,ef4eef5257ac4ea79f41,ef4eef5257ac4ea79f54,ef4eef5257ac4ea79f8', '软件工程-简答题-46', 'simple', '软件工程-简答题-答案-46', '软件工程-简答题-解析-46', '2021-02-22 09:37:46', 5);
INSERT INTO `question` VALUES ('11e9bb6441d541198b47', '30c2a810-2b9a-4', '5bee7847-5c87-4', '05ad6e1c-b8de-4', 'ef4eef5257ac4ea79f38,ef4eef5257ac4ea79f4,ef4eef5257ac4ea79f23,ef4eef5257ac4ea79f44,ef4eef5257ac4ea79f18', '软件工程-简答题-47', 'simple', '软件工程-简答题-答案-47', '软件工程-简答题-解析-47', '2021-02-22 09:37:47', 5);
INSERT INTO `question` VALUES ('11e9bb6441d541198b48', '30c2a810-2b9a-4', '5bee7847-5c87-4', '05ad6e1c-b8de-4', 'ef4eef5257ac4ea79f11,ef4eef5257ac4ea79f14,ef4eef5257ac4ea79f55,ef4eef5257ac4ea79f21,ef4eef5257ac4ea79f41', '软件工程-简答题-48', 'simple', '软件工程-简答题-答案-48', '软件工程-简答题-解析-48', '2021-02-22 09:37:48', 5);
INSERT INTO `question` VALUES ('11e9bb6441d541198b49', '30c2a810-2b9a-4', '5bee7847-5c87-4', '05ad6e1c-b8de-4', 'ef4eef5257ac4ea79f13,ef4eef5257ac4ea79f17,ef4eef5257ac4ea79f20,ef4eef5257ac4ea79f19,ef4eef5257ac4ea79f47', '软件工程-简答题-49', 'simple', '软件工程-简答题-答案-49', '软件工程-简答题-解析-49', '2021-02-22 09:37:49', 5);
INSERT INTO `question` VALUES ('11e9bb6441d541198b50', '30c2a810-2b9a-4', '5bee7847-5c87-4', '05ad6e1c-b8de-4', 'ef4eef5257ac4ea79f13,ef4eef5257ac4ea79f16,ef4eef5257ac4ea79f21,ef4eef5257ac4ea79f28,ef4eef5257ac4ea79f7', '软件工程-简答题-50', 'simple', '软件工程-简答题-答案-50', '软件工程-简答题-解析-50', '2021-02-22 09:37:50', 5);
INSERT INTO `question` VALUES ('11e9bb6441d541198b51', '30c2a810-2b9a-4', '5bee7847-5c87-4', '05ad6e1c-b8de-4', 'ef4eef5257ac4ea79f11,ef4eef5257ac4ea79f21,ef4eef5257ac4ea79f24,ef4eef5257ac4ea79f12,ef4eef5257ac4ea79f39', '软件工程-简答题-51', 'simple', '软件工程-简答题-答案-51', '软件工程-简答题-解析-51', '2021-02-22 09:37:51', 5);
INSERT INTO `question` VALUES ('11e9bb6441d541198b52', '30c2a810-2b9a-4', '5bee7847-5c87-4', '05ad6e1c-b8de-4', 'ef4eef5257ac4ea79f18,ef4eef5257ac4ea79f40,ef4eef5257ac4ea79f36,ef4eef5257ac4ea79f39,ef4eef5257ac4ea79f10', '软件工程-简答题-52', 'simple', '软件工程-简答题-答案-52', '软件工程-简答题-解析-52', '2021-02-22 09:37:52', 5);
INSERT INTO `question` VALUES ('11e9bb6441d541198b53', '30c2a810-2b9a-4', '5bee7847-5c87-4', '05ad6e1c-b8de-4', 'ef4eef5257ac4ea79f35,ef4eef5257ac4ea79f38,ef4eef5257ac4ea79f59,ef4eef5257ac4ea79f22,ef4eef5257ac4ea79f32', '软件工程-简答题-53', 'simple', '软件工程-简答题-答案-53', '软件工程-简答题-解析-53', '2021-02-22 09:37:53', 5);
INSERT INTO `question` VALUES ('11e9bb6441d541198b54', '30c2a810-2b9a-4', '5bee7847-5c87-4', '05ad6e1c-b8de-4', 'ef4eef5257ac4ea79f15,ef4eef5257ac4ea79f35,ef4eef5257ac4ea79f7,ef4eef5257ac4ea79f31,ef4eef5257ac4ea79f14', '软件工程-简答题-54', 'simple', '软件工程-简答题-答案-54', '软件工程-简答题-解析-54', '2021-02-22 09:37:54', 5);
INSERT INTO `question` VALUES ('11e9bb6441d541198b55', '30c2a810-2b9a-4', '5bee7847-5c87-4', '05ad6e1c-b8de-4', 'ef4eef5257ac4ea79f51,ef4eef5257ac4ea79f20,ef4eef5257ac4ea79f18,ef4eef5257ac4ea79f5,ef4eef5257ac4ea79f0', '软件工程-简答题-55', 'simple', '软件工程-简答题-答案-55', '软件工程-简答题-解析-55', '2021-02-22 09:37:55', 5);
INSERT INTO `question` VALUES ('11e9bb6441d541198b56', '30c2a810-2b9a-4', '5bee7847-5c87-4', '05ad6e1c-b8de-4', 'ef4eef5257ac4ea79f34,ef4eef5257ac4ea79f11,ef4eef5257ac4ea79f9,ef4eef5257ac4ea79f13,ef4eef5257ac4ea79f29', '软件工程-简答题-56', 'simple', '软件工程-简答题-答案-56', '软件工程-简答题-解析-56', '2021-02-22 09:37:56', 5);
INSERT INTO `question` VALUES ('11e9bb6441d541198b57', '30c2a810-2b9a-4', '5bee7847-5c87-4', '05ad6e1c-b8de-4', 'ef4eef5257ac4ea79f53,ef4eef5257ac4ea79f22,ef4eef5257ac4ea79f38,ef4eef5257ac4ea79f2,ef4eef5257ac4ea79f34', '软件工程-简答题-57', 'simple', '软件工程-简答题-答案-57', '软件工程-简答题-解析-57', '2021-02-22 09:37:57', 5);
INSERT INTO `question` VALUES ('11e9bb6441d541198b58', '30c2a810-2b9a-4', '5bee7847-5c87-4', '05ad6e1c-b8de-4', 'ef4eef5257ac4ea79f31,ef4eef5257ac4ea79f36,ef4eef5257ac4ea79f35,ef4eef5257ac4ea79f5,ef4eef5257ac4ea79f31', '软件工程-简答题-58', 'simple', '软件工程-简答题-答案-58', '软件工程-简答题-解析-58', '2021-02-22 09:37:58', 5);
INSERT INTO `question` VALUES ('11e9bb6441d541198b59', '30c2a810-2b9a-4', '5bee7847-5c87-4', '05ad6e1c-b8de-4', 'ef4eef5257ac4ea79f6,ef4eef5257ac4ea79f18,ef4eef5257ac4ea79f28,ef4eef5257ac4ea79f57,ef4eef5257ac4ea79f4', '软件工程-简答题-59', 'simple', '软件工程-简答题-答案-59', '软件工程-简答题-解析-59', '2021-02-22 09:37:59', 5);
INSERT INTO `question` VALUES ('11e9bb6441d541198b15', 'e74e7450-c280-4', '0b7ac75bc6844b1f84', '7581b3cd048b4c6193', '96194391ce8f410bba33,96194391ce8f410bba46,96194391ce8f410bba45', 'Javaweb-判断题-15', 'bool', '正确【√】', 'javaweb-判断题-解析-15', '2021-03-10 10:55:15', 5);
INSERT INTO `question` VALUES ('11e9bb6441d541198b16', 'e74e7450-c280-4', '0b7ac75bc6844b1f84', '7581b3cd048b4c6193', '96194391ce8f410bba38,96194391ce8f410bba19,96194391ce8f410bba41', 'Javaweb-判断题-16', 'bool', '错误【×】', 'javaweb-判断题-解析-16', '2021-03-10 10:55:16', 6);
INSERT INTO `question` VALUES ('11e9bb6441d541198b17', 'e74e7450-c280-4', '0b7ac75bc6844b1f84', '7581b3cd048b4c6193', '96194391ce8f410bba37,96194391ce8f410bba20,96194391ce8f410bba37', 'Javaweb-判断题-17', 'bool', '错误【×】', 'javaweb-判断题-解析-17', '2021-03-10 10:55:17', 2);
INSERT INTO `question` VALUES ('11e9bb6441d541198b18', 'e74e7450-c280-4', '0b7ac75bc6844b1f84', '7581b3cd048b4c6193', '96194391ce8f410bba16,96194391ce8f410bba43,96194391ce8f410bba18', 'Javaweb-判断题-18', 'bool', '正确【√】', 'javaweb-判断题-解析-18', '2021-03-10 10:55:18', 8);
INSERT INTO `question` VALUES ('11e9bb6441d541198b19', 'e74e7450-c280-4', '0b7ac75bc6844b1f84', '7581b3cd048b4c6193', '96194391ce8f410bba47,96194391ce8f410bba42,96194391ce8f410bba41', 'Javaweb-判断题-19', 'bool', '正确【√】', 'javaweb-判断题-解析-19', '2021-03-10 10:55:19', 1);
INSERT INTO `question` VALUES ('11e9bb6441d541198b20', 'e74e7450-c280-4', '0b7ac75bc6844b1f84', '7581b3cd048b4c6193', '96194391ce8f410bba44,96194391ce8f410bba39,96194391ce8f410bba21', 'Javaweb-判断题-20', 'bool', '错误【×】', 'javaweb-判断题-解析-20', '2021-03-10 10:55:20', 1);
INSERT INTO `question` VALUES ('11e9bb6441d541198b21', 'e74e7450-c280-4', '0b7ac75bc6844b1f84', '7581b3cd048b4c6193', '96194391ce8f410bba15,96194391ce8f410bba46,96194391ce8f410bba39', 'Javaweb-判断题-21', 'bool', '错误【×】', 'javaweb-判断题-解析-21', '2021-03-10 10:55:21', 9);
INSERT INTO `question` VALUES ('11e9bb6441d541198b22', 'e74e7450-c280-4', '0b7ac75bc6844b1f84', '7581b3cd048b4c6193', '96194391ce8f410bba29,96194391ce8f410bba28,96194391ce8f410bba34', 'Javaweb-判断题-22', 'bool', '错误【×】', 'javaweb-判断题-解析-22', '2021-03-10 10:55:22', 4);
INSERT INTO `question` VALUES ('11e9bb6441d541198b23', 'e74e7450-c280-4', '0b7ac75bc6844b1f84', '7581b3cd048b4c6193', '96194391ce8f410bba38,96194391ce8f410bba16,96194391ce8f410bba48', 'Javaweb-判断题-23', 'bool', '错误【×】', 'javaweb-判断题-解析-23', '2021-03-10 10:55:23', 3);
INSERT INTO `question` VALUES ('11e9bb6441d541198b24', 'e74e7450-c280-4', '0b7ac75bc6844b1f84', '7581b3cd048b4c6193', '96194391ce8f410bba33,96194391ce8f410bba25,96194391ce8f410bba43', 'Javaweb-判断题-24', 'bool', '正确【√】', 'javaweb-判断题-解析-24', '2021-03-10 10:55:24', 3);
INSERT INTO `question` VALUES ('11e9bb6441d541198b25', 'e74e7450-c280-4', '0b7ac75bc6844b1f84', '7581b3cd048b4c6193', '96194391ce8f410bba43,96194391ce8f410bba35,96194391ce8f410bba48', 'Javaweb-判断题-25', 'bool', '正确【√】', 'javaweb-判断题-解析-25', '2021-03-10 10:55:25', 8);
INSERT INTO `question` VALUES ('11e9bb6441d541198b26', 'e74e7450-c280-4', '0b7ac75bc6844b1f84', '7581b3cd048b4c6193', '96194391ce8f410bba37,96194391ce8f410bba46,96194391ce8f410bba19', 'Javaweb-判断题-26', 'bool', '正确【√】', 'javaweb-判断题-解析-26', '2021-03-10 10:55:26', 9);
INSERT INTO `question` VALUES ('11e9bb6441d541198b27', 'e74e7450-c280-4', '0b7ac75bc6844b1f84', '7581b3cd048b4c6193', '96194391ce8f410bba19,96194391ce8f410bba41,96194391ce8f410bba34', 'Javaweb-判断题-27', 'bool', '错误【×】', 'javaweb-判断题-解析-27', '2021-03-10 10:55:27', 4);
INSERT INTO `question` VALUES ('11e9bb6441d541198b28', 'e74e7450-c280-4', '0b7ac75bc6844b1f84', '7581b3cd048b4c6193', '96194391ce8f410bba41,96194391ce8f410bba35,96194391ce8f410bba40', 'Javaweb-判断题-28', 'bool', '正确【√】', 'javaweb-判断题-解析-28', '2021-03-10 10:55:28', 0);
INSERT INTO `question` VALUES ('11e9bb6441d541198b29', 'e74e7450-c280-4', '0b7ac75bc6844b1f84', '7581b3cd048b4c6193', '96194391ce8f410bba22,96194391ce8f410bba26,96194391ce8f410bba42', 'Javaweb-判断题-29', 'bool', '正确【√】', 'javaweb-判断题-解析-29', '2021-03-10 10:55:29', 2);
INSERT INTO `question` VALUES ('11e9bb6441d541198b30', 'e74e7450-c280-4', '0b7ac75bc6844b1f84', '7581b3cd048b4c6193', '96194391ce8f410bba41,96194391ce8f410bba48,96194391ce8f410bba28', 'Javaweb-判断题-30', 'bool', '正确【√】', 'javaweb-判断题-解析-30', '2021-03-10 10:55:30', 8);
INSERT INTO `question` VALUES ('11e9bb6441d541198b31', 'e74e7450-c280-4', '0b7ac75bc6844b1f84', '7581b3cd048b4c6193', '96194391ce8f410bba31,96194391ce8f410bba47,96194391ce8f410bba49', 'Javaweb-判断题-31', 'bool', '错误【×】', 'javaweb-判断题-解析-31', '2021-03-10 10:55:31', 4);
INSERT INTO `question` VALUES ('11e9bb6441d541198b32', 'e74e7450-c280-4', '0b7ac75bc6844b1f84', '7581b3cd048b4c6193', '96194391ce8f410bba28,96194391ce8f410bba44,96194391ce8f410bba24', 'Javaweb-判断题-32', 'bool', '正确【√】', 'javaweb-判断题-解析-32', '2021-03-10 10:55:32', 4);
INSERT INTO `question` VALUES ('11e9bb6441d541198b33', 'e74e7450-c280-4', '0b7ac75bc6844b1f84', '7581b3cd048b4c6193', '96194391ce8f410bba33,96194391ce8f410bba35,96194391ce8f410bba37', 'Javaweb-判断题-33', 'bool', '错误【×】', 'javaweb-判断题-解析-33', '2021-03-10 10:55:33', 2);
INSERT INTO `question` VALUES ('11e9bb6441d541198b34', 'e74e7450-c280-4', '0b7ac75bc6844b1f84', '7581b3cd048b4c6193', '96194391ce8f410bba34,96194391ce8f410bba35,96194391ce8f410bba17', 'Javaweb-判断题-34', 'bool', '正确【√】', 'javaweb-判断题-解析-34', '2021-03-10 10:55:34', 7);
INSERT INTO `question` VALUES ('11e9bb6441d541198b35', 'e74e7450-c280-4', '0b7ac75bc6844b1f84', '7581b3cd048b4c6193', '96194391ce8f410bba47,96194391ce8f410bba17,96194391ce8f410bba40', 'Javaweb-判断题-35', 'bool', '错误【×】', 'javaweb-判断题-解析-35', '2021-03-10 10:55:35', 0);
INSERT INTO `question` VALUES ('11e9bb6441d541198b36', 'e74e7450-c280-4', '0b7ac75bc6844b1f84', '7581b3cd048b4c6193', '96194391ce8f410bba36,96194391ce8f410bba39,96194391ce8f410bba43', 'Javaweb-判断题-36', 'bool', '正确【√】', 'javaweb-判断题-解析-36', '2021-03-10 10:55:36', 3);
INSERT INTO `question` VALUES ('11e9bb6441d541198b37', 'e74e7450-c280-4', '0b7ac75bc6844b1f84', '7581b3cd048b4c6193', '96194391ce8f410bba26,96194391ce8f410bba44,96194391ce8f410bba45', 'Javaweb-判断题-37', 'bool', '错误【×】', 'javaweb-判断题-解析-37', '2021-03-10 10:55:37', 0);
INSERT INTO `question` VALUES ('11e9bb6441d541198b38', 'e74e7450-c280-4', '0b7ac75bc6844b1f84', '7581b3cd048b4c6193', '96194391ce8f410bba43,96194391ce8f410bba22,96194391ce8f410bba18', 'Javaweb-判断题-38', 'bool', '正确【√】', 'javaweb-判断题-解析-38', '2021-03-10 10:55:38', 8);
INSERT INTO `question` VALUES ('11e9bb6441d541198b39', 'e74e7450-c280-4', '0b7ac75bc6844b1f84', '7581b3cd048b4c6193', '96194391ce8f410bba47,96194391ce8f410bba21,96194391ce8f410bba19', 'Javaweb-判断题-39', 'bool', '错误【×】', 'javaweb-判断题-解析-39', '2021-03-10 10:55:39', 9);
INSERT INTO `question` VALUES ('11e9bb6441d541198b40', 'e74e7450-c280-4', '0b7ac75bc6844b1f84', '7581b3cd048b4c6193', '96194391ce8f410bba15,96194391ce8f410bba33,96194391ce8f410bba39', 'Javaweb-判断题-40', 'bool', '错误【×】', 'javaweb-判断题-解析-40', '2021-03-10 10:55:40', 9);
INSERT INTO `question` VALUES ('11e9bb6441d541198b41', 'e74e7450-c280-4', '0b7ac75bc6844b1f84', '7581b3cd048b4c6193', '96194391ce8f410bba33,96194391ce8f410bba28,96194391ce8f410bba16', 'Javaweb-判断题-41', 'bool', '正确【√】', 'javaweb-判断题-解析-41', '2021-03-10 10:55:41', 6);
INSERT INTO `question` VALUES ('11e9bb6441d541198b42', 'e74e7450-c280-4', '0b7ac75bc6844b1f84', '7581b3cd048b4c6193', '96194391ce8f410bba39,96194391ce8f410bba34,96194391ce8f410bba44', 'Javaweb-判断题-42', 'bool', '错误【×】', 'javaweb-判断题-解析-42', '2021-03-10 10:55:42', 4);
INSERT INTO `question` VALUES ('11e9bb6441d541198b43', 'e74e7450-c280-4', '0b7ac75bc6844b1f84', '7581b3cd048b4c6193', '96194391ce8f410bba42,96194391ce8f410bba48,96194391ce8f410bba30', 'Javaweb-判断题-43', 'bool', '正确【√】', 'javaweb-判断题-解析-43', '2021-03-10 10:55:43', 0);
INSERT INTO `question` VALUES ('11e9bb6441d541198b44', 'e74e7450-c280-4', '0b7ac75bc6844b1f84', '7581b3cd048b4c6193', '96194391ce8f410bba22,96194391ce8f410bba34,96194391ce8f410bba23', 'Javaweb-判断题-44', 'bool', '错误【×】', 'javaweb-判断题-解析-44', '2021-03-10 10:55:44', 3);
INSERT INTO `question` VALUES ('11e9bb6441d541198b45', 'e74e7450-c280-4', '0b7ac75bc6844b1f84', '7581b3cd048b4c6193', '96194391ce8f410bba47,96194391ce8f410bba36,96194391ce8f410bba22', 'Javaweb-判断题-45', 'bool', '正确【√】', 'javaweb-判断题-解析-45', '2021-03-10 10:55:45', 2);
INSERT INTO `question` VALUES ('11e9bb6441d541198b46', 'e74e7450-c280-4', '0b7ac75bc6844b1f84', '7581b3cd048b4c6193', '96194391ce8f410bba45,96194391ce8f410bba15,96194391ce8f410bba37', 'Javaweb-判断题-46', 'bool', '错误【×】', 'javaweb-判断题-解析-46', '2021-03-10 10:55:46', 7);
INSERT INTO `question` VALUES ('11e9bb6441d541198b47', 'e74e7450-c280-4', '0b7ac75bc6844b1f84', '7581b3cd048b4c6193', '96194391ce8f410bba36,96194391ce8f410bba21,96194391ce8f410bba45', 'Javaweb-判断题-47', 'bool', '错误【×】', 'javaweb-判断题-解析-47', '2021-03-10 10:55:47', 0);
INSERT INTO `question` VALUES ('11e9bb6441d541198b48', 'e74e7450-c280-4', '0b7ac75bc6844b1f84', '7581b3cd048b4c6193', '96194391ce8f410bba40,96194391ce8f410bba30,96194391ce8f410bba44', 'Javaweb-判断题-48', 'bool', '错误【×】', 'javaweb-判断题-解析-48', '2021-03-10 10:55:48', 9);
INSERT INTO `question` VALUES ('11e9bb6441d541198b49', 'e74e7450-c280-4', '0b7ac75bc6844b1f84', '7581b3cd048b4c6193', '96194391ce8f410bba30,96194391ce8f410bba19,96194391ce8f410bba43', 'Javaweb-判断题-49', 'bool', '错误【×】', 'javaweb-判断题-解析-49', '2021-03-10 10:55:49', 8);
INSERT INTO `question` VALUES ('11e9bb6441d541198c53', 'e74e7450-c280-4', '0b7ac75bc6844b1f84', '7581b3cd048b4c6193', '96194391ce8f410bba25,96194391ce8f410bba33,96194391ce8f410bba45', 'Javaweb-简答题-53', 'simple', 'Javaweb-简答题-答案-53', 'Javaweb-简答题-解析-53', '2021-03-10 10:58:53', 5);
INSERT INTO `question` VALUES ('11e9bb6441d541198c52', 'e74e7450-c280-4', '0b7ac75bc6844b1f84', '7581b3cd048b4c6193', '96194391ce8f410bba29,96194391ce8f410bba38,96194391ce8f410bba20', 'Javaweb-简答题-52', 'simple', 'Javaweb-简答题-答案-52', 'Javaweb-简答题-解析-52', '2021-03-10 10:58:52', 5);
INSERT INTO `question` VALUES ('11e9bb6441d541198c51', 'e74e7450-c280-4', '0b7ac75bc6844b1f84', '7581b3cd048b4c6193', '96194391ce8f410bba32,96194391ce8f410bba34,96194391ce8f410bba49', 'Javaweb-简答题-51', 'simple', 'Javaweb-简答题-答案-51', 'Javaweb-简答题-解析-51', '2021-03-10 10:58:51', 9);
INSERT INTO `question` VALUES ('11e9bb6441d541198c50', 'e74e7450-c280-4', '0b7ac75bc6844b1f84', '7581b3cd048b4c6193', '96194391ce8f410bba20,96194391ce8f410bba31,96194391ce8f410bba36', 'Javaweb-简答题-50', 'simple', 'Javaweb-简答题-答案-50', 'Javaweb-简答题-解析-50', '2021-03-10 10:58:50', 6);
INSERT INTO `question` VALUES ('11e9bb6441d541198c49', 'e74e7450-c280-4', '0b7ac75bc6844b1f84', '7581b3cd048b4c6193', '96194391ce8f410bba51,96194391ce8f410bba22,96194391ce8f410bba27', 'Javaweb-简答题-49', 'simple', 'Javaweb-简答题-答案-49', 'Javaweb-简答题-解析-49', '2021-03-10 10:58:49', 2);
INSERT INTO `question` VALUES ('11e9bb6441d541198c48', 'e74e7450-c280-4', '0b7ac75bc6844b1f84', '7581b3cd048b4c6193', '96194391ce8f410bba50,96194391ce8f410bba22,96194391ce8f410bba35', 'Javaweb-简答题-48', 'simple', 'Javaweb-简答题-答案-48', 'Javaweb-简答题-解析-48', '2021-03-10 10:58:48', 5);
INSERT INTO `question` VALUES ('11e9bb6441d541198c47', 'e74e7450-c280-4', '0b7ac75bc6844b1f84', '7581b3cd048b4c6193', '96194391ce8f410bba39,96194391ce8f410bba35,96194391ce8f410bba34', 'Javaweb-简答题-47', 'simple', 'Javaweb-简答题-答案-47', 'Javaweb-简答题-解析-47', '2021-03-10 10:58:47', 4);
INSERT INTO `question` VALUES ('11e9bb6441d541198c46', 'e74e7450-c280-4', '0b7ac75bc6844b1f84', '7581b3cd048b4c6193', '96194391ce8f410bba38,96194391ce8f410bba31,96194391ce8f410bba30', 'Javaweb-简答题-46', 'simple', 'Javaweb-简答题-答案-46', 'Javaweb-简答题-解析-46', '2021-03-10 10:58:46', 0);
INSERT INTO `question` VALUES ('11e9bb6441d541198c45', 'e74e7450-c280-4', '0b7ac75bc6844b1f84', '7581b3cd048b4c6193', '96194391ce8f410bba32,96194391ce8f410bba21,96194391ce8f410bba29', 'Javaweb-简答题-45', 'simple', 'Javaweb-简答题-答案-45', 'Javaweb-简答题-解析-45', '2021-03-10 10:58:45', 4);
INSERT INTO `question` VALUES ('11e9bb6441d541198c44', 'e74e7450-c280-4', '0b7ac75bc6844b1f84', '7581b3cd048b4c6193', '96194391ce8f410bba49,96194391ce8f410bba25,96194391ce8f410bba20', 'Javaweb-简答题-44', 'simple', 'Javaweb-简答题-答案-44', 'Javaweb-简答题-解析-44', '2021-03-10 10:58:44', 5);
INSERT INTO `question` VALUES ('11e9bb6441d541198c43', 'e74e7450-c280-4', '0b7ac75bc6844b1f84', '7581b3cd048b4c6193', '96194391ce8f410bba25,96194391ce8f410bba40,96194391ce8f410bba43', 'Javaweb-简答题-43', 'simple', 'Javaweb-简答题-答案-43', 'Javaweb-简答题-解析-43', '2021-03-10 10:58:43', 3);
INSERT INTO `question` VALUES ('11e9bb6441d541198c42', 'e74e7450-c280-4', '0b7ac75bc6844b1f84', '7581b3cd048b4c6193', '96194391ce8f410bba23,96194391ce8f410bba20,96194391ce8f410bba36', 'Javaweb-简答题-42', 'simple', 'Javaweb-简答题-答案-42', 'Javaweb-简答题-解析-42', '2021-03-10 10:58:42', 1);
INSERT INTO `question` VALUES ('11e9bb6441d541198c41', 'e74e7450-c280-4', '0b7ac75bc6844b1f84', '7581b3cd048b4c6193', '96194391ce8f410bba49,96194391ce8f410bba32,96194391ce8f410bba23', 'Javaweb-简答题-41', 'simple', 'Javaweb-简答题-答案-41', 'Javaweb-简答题-解析-41', '2021-03-10 10:58:41', 8);
INSERT INTO `question` VALUES ('11e9bb6441d541198c40', 'e74e7450-c280-4', '0b7ac75bc6844b1f84', '7581b3cd048b4c6193', '96194391ce8f410bba28,96194391ce8f410bba38,96194391ce8f410bba37', 'Javaweb-简答题-40', 'simple', 'Javaweb-简答题-答案-40', 'Javaweb-简答题-解析-40', '2021-03-10 10:58:40', 7);
INSERT INTO `question` VALUES ('11e9bb6441d541198c39', 'e74e7450-c280-4', '0b7ac75bc6844b1f84', '7581b3cd048b4c6193', '96194391ce8f410bba50,96194391ce8f410bba20,96194391ce8f410bba24', 'Javaweb-简答题-39', 'simple', 'Javaweb-简答题-答案-39', 'Javaweb-简答题-解析-39', '2021-03-10 10:58:39', 4);
INSERT INTO `question` VALUES ('11e9bb6441d541198c38', 'e74e7450-c280-4', '0b7ac75bc6844b1f84', '7581b3cd048b4c6193', '96194391ce8f410bba20,96194391ce8f410bba26,96194391ce8f410bba51', 'Javaweb-简答题-38', 'simple', 'Javaweb-简答题-答案-38', 'Javaweb-简答题-解析-38', '2021-03-10 10:58:38', 1);
INSERT INTO `question` VALUES ('11e9bb6441d541198c37', 'e74e7450-c280-4', '0b7ac75bc6844b1f84', '7581b3cd048b4c6193', '96194391ce8f410bba36,96194391ce8f410bba51,96194391ce8f410bba28', 'Javaweb-简答题-37', 'simple', 'Javaweb-简答题-答案-37', 'Javaweb-简答题-解析-37', '2021-03-10 10:58:37', 8);
INSERT INTO `question` VALUES ('11e9bb6441d541198c36', 'e74e7450-c280-4', '0b7ac75bc6844b1f84', '7581b3cd048b4c6193', '96194391ce8f410bba48,96194391ce8f410bba21,96194391ce8f410bba34', 'Javaweb-简答题-36', 'simple', 'Javaweb-简答题-答案-36', 'Javaweb-简答题-解析-36', '2021-03-10 10:58:36', 9);
INSERT INTO `question` VALUES ('11e9bb6441d541198c35', 'e74e7450-c280-4', '0b7ac75bc6844b1f84', '7581b3cd048b4c6193', '96194391ce8f410bba24,96194391ce8f410bba41,96194391ce8f410bba20', 'Javaweb-简答题-35', 'simple', 'Javaweb-简答题-答案-35', 'Javaweb-简答题-解析-35', '2021-03-10 10:58:35', 0);
INSERT INTO `question` VALUES ('11e9bb6441d541198c34', 'e74e7450-c280-4', '0b7ac75bc6844b1f84', '7581b3cd048b4c6193', '96194391ce8f410bba33,96194391ce8f410bba21,96194391ce8f410bba43', 'Javaweb-简答题-34', 'simple', 'Javaweb-简答题-答案-34', 'Javaweb-简答题-解析-34', '2021-03-10 10:58:34', 8);
INSERT INTO `question` VALUES ('11e9bb6441d541198c33', 'e74e7450-c280-4', '0b7ac75bc6844b1f84', '7581b3cd048b4c6193', '96194391ce8f410bba29,96194391ce8f410bba28,96194391ce8f410bba38', 'Javaweb-简答题-33', 'simple', 'Javaweb-简答题-答案-33', 'Javaweb-简答题-解析-33', '2021-03-10 10:58:33', 8);
INSERT INTO `question` VALUES ('11e9bb6441d541198c32', 'e74e7450-c280-4', '0b7ac75bc6844b1f84', '7581b3cd048b4c6193', '96194391ce8f410bba30,96194391ce8f410bba30,96194391ce8f410bba32', 'Javaweb-简答题-32', 'simple', 'Javaweb-简答题-答案-32', 'Javaweb-简答题-解析-32', '2021-03-10 10:58:32', 2);
INSERT INTO `question` VALUES ('11e9bb6441d541198c31', 'e74e7450-c280-4', '0b7ac75bc6844b1f84', '7581b3cd048b4c6193', '96194391ce8f410bba32,96194391ce8f410bba36,96194391ce8f410bba36', 'Javaweb-简答题-31', 'simple', 'Javaweb-简答题-答案-31', 'Javaweb-简答题-解析-31', '2021-03-10 10:58:31', 1);
INSERT INTO `question` VALUES ('11e9bb6441d541198c30', 'e74e7450-c280-4', '0b7ac75bc6844b1f84', '7581b3cd048b4c6193', '96194391ce8f410bba34,96194391ce8f410bba24,96194391ce8f410bba37', 'Javaweb-简答题-30', 'simple', 'Javaweb-简答题-答案-30', 'Javaweb-简答题-解析-30', '2021-03-10 10:58:30', 7);
INSERT INTO `question` VALUES ('11e9bb6441d541198c29', 'e74e7450-c280-4', '0b7ac75bc6844b1f84', '7581b3cd048b4c6193', '96194391ce8f410bba32,96194391ce8f410bba32,96194391ce8f410bba36', 'Javaweb-简答题-29', 'simple', 'Javaweb-简答题-答案-29', 'Javaweb-简答题-解析-29', '2021-03-10 10:58:29', 6);
INSERT INTO `question` VALUES ('11e9bb6441d541198c28', 'e74e7450-c280-4', '0b7ac75bc6844b1f84', '7581b3cd048b4c6193', '96194391ce8f410bba39,96194391ce8f410bba26,96194391ce8f410bba47', 'Javaweb-简答题-28', 'simple', 'Javaweb-简答题-答案-28', 'Javaweb-简答题-解析-28', '2021-03-10 10:58:28', 7);
INSERT INTO `question` VALUES ('11e9bb6441d541198c27', 'e74e7450-c280-4', '0b7ac75bc6844b1f84', '7581b3cd048b4c6193', '96194391ce8f410bba22,96194391ce8f410bba20,96194391ce8f410bba36', 'Javaweb-简答题-27', 'simple', 'Javaweb-简答题-答案-27', 'Javaweb-简答题-解析-27', '2021-03-10 10:58:27', 1);
INSERT INTO `question` VALUES ('11e9bb6441d541198c26', 'e74e7450-c280-4', '0b7ac75bc6844b1f84', '7581b3cd048b4c6193', '96194391ce8f410bba41,96194391ce8f410bba32,96194391ce8f410bba30', 'Javaweb-简答题-26', 'simple', 'Javaweb-简答题-答案-26', 'Javaweb-简答题-解析-26', '2021-03-10 10:58:26', 5);
INSERT INTO `question` VALUES ('11e9bb6441d541198c25', 'e74e7450-c280-4', '0b7ac75bc6844b1f84', '7581b3cd048b4c6193', '96194391ce8f410bba21,96194391ce8f410bba29,96194391ce8f410bba44', 'Javaweb-简答题-25', 'simple', 'Javaweb-简答题-答案-25', 'Javaweb-简答题-解析-25', '2021-03-10 10:58:25', 9);
INSERT INTO `question` VALUES ('11e9bb6441d541198c24', 'e74e7450-c280-4', '0b7ac75bc6844b1f84', '7581b3cd048b4c6193', '96194391ce8f410bba30,96194391ce8f410bba45,96194391ce8f410bba37', 'Javaweb-简答题-24', 'simple', 'Javaweb-简答题-答案-24', 'Javaweb-简答题-解析-24', '2021-03-10 10:58:24', 2);
INSERT INTO `question` VALUES ('11e9bb6441d541198c23', 'e74e7450-c280-4', '0b7ac75bc6844b1f84', '7581b3cd048b4c6193', '96194391ce8f410bba33,96194391ce8f410bba44,96194391ce8f410bba36', 'Javaweb-简答题-23', 'simple', 'Javaweb-简答题-答案-23', 'Javaweb-简答题-解析-23', '2021-03-10 10:58:23', 6);
INSERT INTO `question` VALUES ('11e9bb6441d541198c22', 'e74e7450-c280-4', '0b7ac75bc6844b1f84', '7581b3cd048b4c6193', '96194391ce8f410bba20,96194391ce8f410bba32,96194391ce8f410bba42', 'Javaweb-简答题-22', 'simple', 'Javaweb-简答题-答案-22', 'Javaweb-简答题-解析-22', '2021-03-10 10:58:22', 2);
INSERT INTO `question` VALUES ('11e9bb6441d541198c21', 'e74e7450-c280-4', '0b7ac75bc6844b1f84', '7581b3cd048b4c6193', '96194391ce8f410bba27,96194391ce8f410bba35,96194391ce8f410bba48', 'Javaweb-简答题-21', 'simple', 'Javaweb-简答题-答案-21', 'Javaweb-简答题-解析-21', '2021-03-10 10:58:21', 8);
INSERT INTO `question` VALUES ('11e9bb6441d541198c20', 'e74e7450-c280-4', '0b7ac75bc6844b1f84', '7581b3cd048b4c6193', '96194391ce8f410bba46,96194391ce8f410bba36,96194391ce8f410bba40', 'Javaweb-简答题-20', 'simple', 'Javaweb-简答题-答案-20', 'Javaweb-简答题-解析-20', '2021-03-10 10:58:20', 0);
INSERT INTO `question` VALUES ('11e9bb6441d541198c54', 'e74e7450-c280-4', '0b7ac75bc6844b1f84', '7581b3cd048b4c6193', '96194391ce8f410bba36,96194391ce8f410bba32,96194391ce8f410bba21', 'Javaweb-简答题-54', 'simple', 'Javaweb-简答题-答案-54', 'Javaweb-简答题-解析-54', '2021-03-10 10:58:54', 1);
INSERT INTO `question` VALUES ('11e9bb6441d541198c48', 'b275ad41-274c-4', 'f6f17ca7-cb57-4', '7581b3cd048b4c6193', '96194391ce8f410bbc44,96194391ce8f410bbc43,96194391ce8f410bbc26', 'springboot-简答题-48', 'simple', 'springboot-简答题-答案-48', 'springboot-简答题-解析-48', '2021-02-22 11:38:48', 6);
INSERT INTO `question` VALUES ('11e9bb6441d541198c47', 'b275ad41-274c-4', 'f6f17ca7-cb57-4', '7581b3cd048b4c6193', '96194391ce8f410bbc39,96194391ce8f410bbc15,96194391ce8f410bbc15', 'springboot-简答题-47', 'simple', 'springboot-简答题-答案-47', 'springboot-简答题-解析-47', '2021-02-22 11:38:47', 5);
INSERT INTO `question` VALUES ('11e9bb6441d541198c46', 'b275ad41-274c-4', 'f6f17ca7-cb57-4', '7581b3cd048b4c6193', '96194391ce8f410bbc28,96194391ce8f410bbc29,96194391ce8f410bbc31', 'springboot-简答题-46', 'simple', 'springboot-简答题-答案-46', 'springboot-简答题-解析-46', '2021-02-22 11:38:46', 1);
INSERT INTO `question` VALUES ('11e9bb6441d541198c45', 'b275ad41-274c-4', 'f6f17ca7-cb57-4', '7581b3cd048b4c6193', '96194391ce8f410bbc43,96194391ce8f410bbc53,96194391ce8f410bbc32', 'springboot-简答题-45', 'simple', 'springboot-简答题-答案-45', 'springboot-简答题-解析-45', '2021-02-22 11:38:45', 2);
INSERT INTO `question` VALUES ('11e9bb6441d541198c44', 'b275ad41-274c-4', 'f6f17ca7-cb57-4', '7581b3cd048b4c6193', '96194391ce8f410bbc32,96194391ce8f410bbc33,96194391ce8f410bbc23', 'springboot-简答题-44', 'simple', 'springboot-简答题-答案-44', 'springboot-简答题-解析-44', '2021-02-22 11:38:44', 3);
INSERT INTO `question` VALUES ('11e9bb6441d541198c43', 'b275ad41-274c-4', 'f6f17ca7-cb57-4', '7581b3cd048b4c6193', '96194391ce8f410bbc49,96194391ce8f410bbc23,96194391ce8f410bbc19', 'springboot-简答题-43', 'simple', 'springboot-简答题-答案-43', 'springboot-简答题-解析-43', '2021-02-22 11:38:43', 9);
INSERT INTO `question` VALUES ('11e9bb6441d541198c42', 'b275ad41-274c-4', 'f6f17ca7-cb57-4', '7581b3cd048b4c6193', '96194391ce8f410bbc29,96194391ce8f410bbc39,96194391ce8f410bbc23', 'springboot-简答题-42', 'simple', 'springboot-简答题-答案-42', 'springboot-简答题-解析-42', '2021-02-22 11:38:42', 3);
INSERT INTO `question` VALUES ('11e9bb6441d541198c41', 'b275ad41-274c-4', 'f6f17ca7-cb57-4', '7581b3cd048b4c6193', '96194391ce8f410bbc14,96194391ce8f410bbc27,96194391ce8f410bbc20', 'springboot-简答题-41', 'simple', 'springboot-简答题-答案-41', 'springboot-简答题-解析-41', '2021-02-22 11:38:41', 0);
INSERT INTO `question` VALUES ('11e9bb6441d541198c40', 'b275ad41-274c-4', 'f6f17ca7-cb57-4', '7581b3cd048b4c6193', '96194391ce8f410bbc42,96194391ce8f410bbc52,96194391ce8f410bbc39', 'springboot-简答题-40', 'simple', 'springboot-简答题-答案-40', 'springboot-简答题-解析-40', '2021-02-22 11:38:40', 9);
INSERT INTO `question` VALUES ('11e9bb6441d541198c39', 'b275ad41-274c-4', 'f6f17ca7-cb57-4', '7581b3cd048b4c6193', '96194391ce8f410bbc58,96194391ce8f410bbc43,96194391ce8f410bbc48', 'springboot-简答题-39', 'simple', 'springboot-简答题-答案-39', 'springboot-简答题-解析-39', '2021-02-22 11:38:39', 8);
INSERT INTO `question` VALUES ('11e9bb6441d541198c38', 'b275ad41-274c-4', 'f6f17ca7-cb57-4', '7581b3cd048b4c6193', '96194391ce8f410bbc28,96194391ce8f410bbc39,96194391ce8f410bbc20', 'springboot-简答题-38', 'simple', 'springboot-简答题-答案-38', 'springboot-简答题-解析-38', '2021-02-22 11:38:38', 0);
INSERT INTO `question` VALUES ('11e9bb6441d541198c37', 'b275ad41-274c-4', 'f6f17ca7-cb57-4', '7581b3cd048b4c6193', '96194391ce8f410bbc36,96194391ce8f410bbc21,96194391ce8f410bbc56', 'springboot-简答题-37', 'simple', 'springboot-简答题-答案-37', 'springboot-简答题-解析-37', '2021-02-22 11:38:37', 6);
INSERT INTO `question` VALUES ('11e9bb6441d541198c36', 'b275ad41-274c-4', 'f6f17ca7-cb57-4', '7581b3cd048b4c6193', '96194391ce8f410bbc32,96194391ce8f410bbc23,96194391ce8f410bbc31', 'springboot-简答题-36', 'simple', 'springboot-简答题-答案-36', 'springboot-简答题-解析-36', '2021-02-22 11:38:36', 1);
INSERT INTO `question` VALUES ('11e9bb6441d541198c35', 'b275ad41-274c-4', 'f6f17ca7-cb57-4', '7581b3cd048b4c6193', '96194391ce8f410bbc41,96194391ce8f410bbc27,96194391ce8f410bbc30', 'springboot-简答题-35', 'simple', 'springboot-简答题-答案-35', 'springboot-简答题-解析-35', '2021-02-22 11:38:35', 0);
INSERT INTO `question` VALUES ('11e9bb6441d541198c34', 'b275ad41-274c-4', 'f6f17ca7-cb57-4', '7581b3cd048b4c6193', '96194391ce8f410bbc24,96194391ce8f410bbc42,96194391ce8f410bbc40', 'springboot-简答题-34', 'simple', 'springboot-简答题-答案-34', 'springboot-简答题-解析-34', '2021-02-22 11:38:34', 0);
INSERT INTO `question` VALUES ('11e9bb6441d541198c33', 'b275ad41-274c-4', 'f6f17ca7-cb57-4', '7581b3cd048b4c6193', '96194391ce8f410bbc6,96194391ce8f410bbc28,96194391ce8f410bbc42', 'springboot-简答题-33', 'simple', 'springboot-简答题-答案-33', 'springboot-简答题-解析-33', '2021-02-22 11:38:33', 2);
INSERT INTO `question` VALUES ('11e9bb6441d541198c32', 'b275ad41-274c-4', 'f6f17ca7-cb57-4', '7581b3cd048b4c6193', '96194391ce8f410bbc35,96194391ce8f410bbc55,96194391ce8f410bbc58', 'springboot-简答题-32', 'simple', 'springboot-简答题-答案-32', 'springboot-简答题-解析-32', '2021-02-22 11:38:32', 8);
INSERT INTO `question` VALUES ('11e9bb6441d541198c31', 'b275ad41-274c-4', 'f6f17ca7-cb57-4', '7581b3cd048b4c6193', '96194391ce8f410bbc16,96194391ce8f410bbc48,96194391ce8f410bbc35', 'springboot-简答题-31', 'simple', 'springboot-简答题-答案-31', 'springboot-简答题-解析-31', '2021-02-22 11:38:31', 5);
INSERT INTO `question` VALUES ('11e9bb6441d541198c30', 'b275ad41-274c-4', 'f6f17ca7-cb57-4', '7581b3cd048b4c6193', '96194391ce8f410bbc25,96194391ce8f410bbc31,96194391ce8f410bbc52', 'springboot-简答题-30', 'simple', 'springboot-简答题-答案-30', 'springboot-简答题-解析-30', '2021-02-22 11:38:30', 2);
INSERT INTO `question` VALUES ('11e9bb6441d541198c29', 'b275ad41-274c-4', 'f6f17ca7-cb57-4', '7581b3cd048b4c6193', '96194391ce8f410bbc45,96194391ce8f410bbc32,96194391ce8f410bbc14', 'springboot-简答题-29', 'simple', 'springboot-简答题-答案-29', 'springboot-简答题-解析-29', '2021-02-22 11:38:29', 4);
INSERT INTO `question` VALUES ('11e9bb6441d541198c28', 'b275ad41-274c-4', 'f6f17ca7-cb57-4', '7581b3cd048b4c6193', '96194391ce8f410bbc9,96194391ce8f410bbc5,96194391ce8f410bbc44', 'springboot-简答题-28', 'simple', 'springboot-简答题-答案-28', 'springboot-简答题-解析-28', '2021-02-22 11:38:28', 4);
INSERT INTO `question` VALUES ('11e9bb6441d541198c27', 'b275ad41-274c-4', 'f6f17ca7-cb57-4', '7581b3cd048b4c6193', '96194391ce8f410bbc8,96194391ce8f410bbc53,96194391ce8f410bbc52', 'springboot-简答题-27', 'simple', 'springboot-简答题-答案-27', 'springboot-简答题-解析-27', '2021-02-22 11:38:27', 2);
INSERT INTO `question` VALUES ('11e9bb6441d541198c26', 'b275ad41-274c-4', 'f6f17ca7-cb57-4', '7581b3cd048b4c6193', '96194391ce8f410bbc43,96194391ce8f410bbc28,96194391ce8f410bbc40', 'springboot-简答题-26', 'simple', 'springboot-简答题-答案-26', 'springboot-简答题-解析-26', '2021-02-22 11:38:26', 0);
INSERT INTO `question` VALUES ('11e9bb6441d541198c25', 'b275ad41-274c-4', 'f6f17ca7-cb57-4', '7581b3cd048b4c6193', '96194391ce8f410bbc37,96194391ce8f410bbc20,96194391ce8f410bbc45', 'springboot-简答题-25', 'simple', 'springboot-简答题-答案-25', 'springboot-简答题-解析-25', '2021-02-22 11:38:25', 5);
INSERT INTO `question` VALUES ('11e9bb6441d541198c24', 'b275ad41-274c-4', 'f6f17ca7-cb57-4', '7581b3cd048b4c6193', '96194391ce8f410bbc48,96194391ce8f410bbc46,96194391ce8f410bbc37', 'springboot-简答题-24', 'simple', 'springboot-简答题-答案-24', 'springboot-简答题-解析-24', '2021-02-22 11:38:24', 7);
INSERT INTO `question` VALUES ('11e9bb6441d541198c23', 'b275ad41-274c-4', 'f6f17ca7-cb57-4', '7581b3cd048b4c6193', '96194391ce8f410bbc32,96194391ce8f410bbc4,96194391ce8f410bbc42', 'springboot-简答题-23', 'simple', 'springboot-简答题-答案-23', 'springboot-简答题-解析-23', '2021-02-22 11:38:23', 2);
INSERT INTO `question` VALUES ('11e9bb6441d541198c22', 'b275ad41-274c-4', 'f6f17ca7-cb57-4', '7581b3cd048b4c6193', '96194391ce8f410bbc31,96194391ce8f410bbc43,96194391ce8f410bbc55', 'springboot-简答题-22', 'simple', 'springboot-简答题-答案-22', 'springboot-简答题-解析-22', '2021-02-22 11:38:22', 5);
INSERT INTO `question` VALUES ('11e9bb6441d541198c21', 'b275ad41-274c-4', 'f6f17ca7-cb57-4', '7581b3cd048b4c6193', '96194391ce8f410bbc52,96194391ce8f410bbc43,96194391ce8f410bbc53', 'springboot-简答题-21', 'simple', 'springboot-简答题-答案-21', 'springboot-简答题-解析-21', '2021-02-22 11:38:21', 3);
INSERT INTO `question` VALUES ('11e9bb6441d541198c20', 'b275ad41-274c-4', 'f6f17ca7-cb57-4', '7581b3cd048b4c6193', '96194391ce8f410bbc28,96194391ce8f410bbc39,96194391ce8f410bbc16', 'springboot-简答题-20', 'simple', 'springboot-简答题-答案-20', 'springboot-简答题-解析-20', '2021-02-22 11:38:20', 6);
INSERT INTO `question` VALUES ('11e9bb6441d541198c19', 'b275ad41-274c-4', 'f6f17ca7-cb57-4', '7581b3cd048b4c6193', '96194391ce8f410bbc7,96194391ce8f410bbc21,96194391ce8f410bbc15', 'springboot-简答题-19', 'simple', 'springboot-简答题-答案-19', 'springboot-简答题-解析-19', '2021-02-22 11:38:19', 5);
INSERT INTO `question` VALUES ('11e9bb6441d541198c18', 'b275ad41-274c-4', 'f6f17ca7-cb57-4', '7581b3cd048b4c6193', '96194391ce8f410bbc7,96194391ce8f410bbc44,96194391ce8f410bbc21', 'springboot-简答题-18', 'simple', 'springboot-简答题-答案-18', 'springboot-简答题-解析-18', '2021-02-22 11:38:18', 1);
INSERT INTO `question` VALUES ('11e9bb6441d541198c17', 'b275ad41-274c-4', 'f6f17ca7-cb57-4', '7581b3cd048b4c6193', '96194391ce8f410bbc46,96194391ce8f410bbc51,96194391ce8f410bbc21', 'springboot-简答题-17', 'simple', 'springboot-简答题-答案-17', 'springboot-简答题-解析-17', '2021-02-22 11:38:17', 1);
INSERT INTO `question` VALUES ('11e9bb6441d541198c16', 'b275ad41-274c-4', 'f6f17ca7-cb57-4', '7581b3cd048b4c6193', '96194391ce8f410bbc53,96194391ce8f410bbc59,96194391ce8f410bbc26', 'springboot-简答题-16', 'simple', 'springboot-简答题-答案-16', 'springboot-简答题-解析-16', '2021-02-22 11:38:16', 6);
INSERT INTO `question` VALUES ('11e9bb6441d541198c15', 'b275ad41-274c-4', 'f6f17ca7-cb57-4', '7581b3cd048b4c6193', '96194391ce8f410bbc24,96194391ce8f410bbc22,96194391ce8f410bbc45', 'springboot-简答题-15', 'simple', 'springboot-简答题-答案-15', 'springboot-简答题-解析-15', '2021-02-22 11:38:15', 5);
INSERT INTO `question` VALUES ('11e9bb6441d541198c14', 'b275ad41-274c-4', 'f6f17ca7-cb57-4', '7581b3cd048b4c6193', '96194391ce8f410bbc49,96194391ce8f410bbc18,96194391ce8f410bbc23', 'springboot-简答题-14', 'simple', 'springboot-简答题-答案-14', 'springboot-简答题-解析-14', '2021-02-22 11:38:14', 3);
INSERT INTO `question` VALUES ('11e9bb6441d541198c13', 'b275ad41-274c-4', 'f6f17ca7-cb57-4', '7581b3cd048b4c6193', '96194391ce8f410bbc46,96194391ce8f410bbc51,96194391ce8f410bbc15', 'springboot-简答题-13', 'simple', 'springboot-简答题-答案-13', 'springboot-简答题-解析-13', '2021-02-22 11:38:13', 5);
INSERT INTO `question` VALUES ('11e9bb6441d541198c12', 'b275ad41-274c-4', 'f6f17ca7-cb57-4', '7581b3cd048b4c6193', '96194391ce8f410bbc17,96194391ce8f410bbc28,96194391ce8f410bbc27', 'springboot-简答题-12', 'simple', 'springboot-简答题-答案-12', 'springboot-简答题-解析-12', '2021-02-22 11:38:12', 7);
INSERT INTO `question` VALUES ('11e9bb6441d541198c11', 'b275ad41-274c-4', 'f6f17ca7-cb57-4', '7581b3cd048b4c6193', '96194391ce8f410bbc17,96194391ce8f410bbc28,96194391ce8f410bbc36', 'springboot-简答题-11', 'simple', 'springboot-简答题-答案-11', 'springboot-简答题-解析-11', '2021-02-22 11:38:11', 6);
INSERT INTO `question` VALUES ('11e9bb6441d541198c10', 'b275ad41-274c-4', 'f6f17ca7-cb57-4', '7581b3cd048b4c6193', '96194391ce8f410bbc50,96194391ce8f410bbc9,96194391ce8f410bbc50', 'springboot-简答题-10', 'simple', 'springboot-简答题-答案-10', 'springboot-简答题-解析-10', '2021-02-22 11:38:10', 0);
INSERT INTO `question` VALUES ('11e9bb6441d541198c9', 'b275ad41-274c-4', 'f6f17ca7-cb57-4', '7581b3cd048b4c6193', '96194391ce8f410bbc50,96194391ce8f410bbc29,96194391ce8f410bbc35', 'springboot-简答题-9', 'simple', 'springboot-简答题-答案-9', 'springboot-简答题-解析-9', '2021-02-22 11:38:09', 5);
INSERT INTO `question` VALUES ('11e9bb6441d541198c8', 'b275ad41-274c-4', 'f6f17ca7-cb57-4', '7581b3cd048b4c6193', '96194391ce8f410bbc28,96194391ce8f410bbc53,96194391ce8f410bbc38', 'springboot-简答题-8', 'simple', 'springboot-简答题-答案-8', 'springboot-简答题-解析-8', '2021-02-22 11:38:08', 8);
INSERT INTO `question` VALUES ('11e9bb6441d541198c7', 'b275ad41-274c-4', 'f6f17ca7-cb57-4', '7581b3cd048b4c6193', '96194391ce8f410bbc40,96194391ce8f410bbc40,96194391ce8f410bbc53', 'springboot-简答题-7', 'simple', 'springboot-简答题-答案-7', 'springboot-简答题-解析-7', '2021-02-22 11:38:07', 3);
INSERT INTO `question` VALUES ('11e9bb6441d541198c6', 'b275ad41-274c-4', 'f6f17ca7-cb57-4', '7581b3cd048b4c6193', '96194391ce8f410bbc0,96194391ce8f410bbc45,96194391ce8f410bbc42', 'springboot-简答题-6', 'simple', 'springboot-简答题-答案-6', 'springboot-简答题-解析-6', '2021-02-22 11:38:06', 2);
INSERT INTO `question` VALUES ('11e9bb6441d541198c5', 'b275ad41-274c-4', 'f6f17ca7-cb57-4', '7581b3cd048b4c6193', '96194391ce8f410bbc50,96194391ce8f410bbc28,96194391ce8f410bbc48', 'springboot-简答题-5', 'simple', 'springboot-简答题-答案-5', 'springboot-简答题-解析-5', '2021-02-22 11:38:05', 8);
INSERT INTO `question` VALUES ('11e9bb6441d541198c4', 'b275ad41-274c-4', 'f6f17ca7-cb57-4', '7581b3cd048b4c6193', '96194391ce8f410bbc44,96194391ce8f410bbc19,96194391ce8f410bbc59', 'springboot-简答题-4', 'simple', 'springboot-简答题-答案-4', 'springboot-简答题-解析-4', '2021-02-22 11:38:04', 9);
INSERT INTO `question` VALUES ('11e9bb6441d541198c3', 'b275ad41-274c-4', 'f6f17ca7-cb57-4', '7581b3cd048b4c6193', '96194391ce8f410bbc29,96194391ce8f410bbc40,96194391ce8f410bbc58', 'springboot-简答题-3', 'simple', 'springboot-简答题-答案-3', 'springboot-简答题-解析-3', '2021-02-22 11:38:03', 8);
INSERT INTO `question` VALUES ('11e9bb6441d541198c2', 'b275ad41-274c-4', 'f6f17ca7-cb57-4', '7581b3cd048b4c6193', '96194391ce8f410bbc1,96194391ce8f410bbc40,96194391ce8f410bbc36', 'springboot-简答题-2', 'simple', 'springboot-简答题-答案-2', 'springboot-简答题-解析-2', '2021-02-22 11:38:02', 6);
INSERT INTO `question` VALUES ('11e9bb6441d541198c1', 'b275ad41-274c-4', 'f6f17ca7-cb57-4', '7581b3cd048b4c6193', '96194391ce8f410bbc38,96194391ce8f410bbc51,96194391ce8f410bbc38', 'springboot-简答题-1', 'simple', 'springboot-简答题-答案-1', 'springboot-简答题-解析-1', '2021-02-22 11:38:01', 8);
INSERT INTO `question` VALUES ('11e9bb6441d541198c0', 'b275ad41-274c-4', 'f6f17ca7-cb57-4', '7581b3cd048b4c6193', '96194391ce8f410bbc13,96194391ce8f410bbc23,96194391ce8f410bbc34', 'springboot-简答题-0', 'simple', 'springboot-简答题-答案-0', 'springboot-简答题-解析-0', '2021-02-22 11:38:00', 4);
INSERT INTO `question` VALUES ('11e9bb6441d541198c59', 'b275ad41-274c-4', 'f6f17ca7-cb57-4', '87e7a849-3085-4', '96194391ce8f410bbc57,96194391ce8f410bbc58,96194391ce8f410bbc15', 'springboot-判断题-59', 'bool', '错误【×】', 'springboot-判断题-解析-59', '2021-04-10 11:33:59', 5);
INSERT INTO `question` VALUES ('11e9bb6441d541198c58', 'b275ad41-274c-4', 'f6f17ca7-cb57-4', '87e7a849-3085-4', '96194391ce8f410bbc37,96194391ce8f410bbc21,96194391ce8f410bbc27', 'springboot-判断题-58', 'bool', '错误【×】', 'springboot-判断题-解析-58', '2021-04-10 11:33:58', 7);
INSERT INTO `question` VALUES ('11e9bb6441d541198c57', 'b275ad41-274c-4', 'f6f17ca7-cb57-4', '87e7a849-3085-4', '96194391ce8f410bbc46,96194391ce8f410bbc51,96194391ce8f410bbc41', 'springboot-判断题-57', 'bool', '错误【×】', 'springboot-判断题-解析-57', '2021-04-10 11:33:57', 1);
INSERT INTO `question` VALUES ('11e9bb6441d541198c56', 'b275ad41-274c-4', 'f6f17ca7-cb57-4', '87e7a849-3085-4', '96194391ce8f410bbc52,96194391ce8f410bbc4,96194391ce8f410bbc2', 'springboot-判断题-56', 'bool', '错误【×】', 'springboot-判断题-解析-56', '2021-04-10 11:33:56', 2);
INSERT INTO `question` VALUES ('11e9bb6441d541198c55', 'b275ad41-274c-4', 'f6f17ca7-cb57-4', '87e7a849-3085-4', '96194391ce8f410bbc36,96194391ce8f410bbc56,96194391ce8f410bbc47', 'springboot-判断题-55', 'bool', '正确【√】', 'springboot-判断题-解析-55', '2021-04-10 11:33:55', 7);
INSERT INTO `question` VALUES ('11e9bb6441d541198c54', 'b275ad41-274c-4', 'f6f17ca7-cb57-4', '87e7a849-3085-4', '96194391ce8f410bbc33,96194391ce8f410bbc22,96194391ce8f410bbc50', 'springboot-判断题-54', 'bool', '错误【×】', 'springboot-判断题-解析-54', '2021-04-10 11:33:54', 0);
INSERT INTO `question` VALUES ('11e9bb6441d541198c53', 'b275ad41-274c-4', 'f6f17ca7-cb57-4', '87e7a849-3085-4', '96194391ce8f410bbc23,96194391ce8f410bbc6,96194391ce8f410bbc30', 'springboot-判断题-53', 'bool', '正确【√】', 'springboot-判断题-解析-53', '2021-04-10 11:33:53', 0);
INSERT INTO `question` VALUES ('11e9bb6441d541198c52', 'b275ad41-274c-4', 'f6f17ca7-cb57-4', '87e7a849-3085-4', '96194391ce8f410bbc58,96194391ce8f410bbc46,96194391ce8f410bbc51', 'springboot-判断题-52', 'bool', '错误【×】', 'springboot-判断题-解析-52', '2021-04-10 11:33:52', 1);
INSERT INTO `question` VALUES ('11e9bb6441d541198c51', 'b275ad41-274c-4', 'f6f17ca7-cb57-4', '87e7a849-3085-4', '96194391ce8f410bbc19,96194391ce8f410bbc46,96194391ce8f410bbc50', 'springboot-判断题-51', 'bool', '错误【×】', 'springboot-判断题-解析-51', '2021-04-10 11:33:51', 0);
INSERT INTO `question` VALUES ('11e9bb6441d541198c50', 'b275ad41-274c-4', 'f6f17ca7-cb57-4', '87e7a849-3085-4', '96194391ce8f410bbc54,96194391ce8f410bbc26,96194391ce8f410bbc26', 'springboot-判断题-50', 'bool', '错误【×】', 'springboot-判断题-解析-50', '2021-04-10 11:33:50', 6);
INSERT INTO `question` VALUES ('11e9bb6441d541198c49', 'b275ad41-274c-4', 'f6f17ca7-cb57-4', '87e7a849-3085-4', '96194391ce8f410bbc42,96194391ce8f410bbc33,96194391ce8f410bbc30', 'springboot-判断题-49', 'bool', '错误【×】', 'springboot-判断题-解析-49', '2021-04-10 11:33:49', 0);
INSERT INTO `question` VALUES ('11e9bb6441d541198c48', 'b275ad41-274c-4', 'f6f17ca7-cb57-4', '87e7a849-3085-4', '96194391ce8f410bbc0,96194391ce8f410bbc31,96194391ce8f410bbc48', 'springboot-判断题-48', 'bool', '错误【×】', 'springboot-判断题-解析-48', '2021-04-10 11:33:48', 8);
INSERT INTO `question` VALUES ('11e9bb6441d541198c47', 'b275ad41-274c-4', 'f6f17ca7-cb57-4', '87e7a849-3085-4', '96194391ce8f410bbc8,96194391ce8f410bbc43,96194391ce8f410bbc50', 'springboot-判断题-47', 'bool', '错误【×】', 'springboot-判断题-解析-47', '2021-04-10 11:33:47', 0);
INSERT INTO `question` VALUES ('11e9bb6441d541198c46', 'b275ad41-274c-4', 'f6f17ca7-cb57-4', '87e7a849-3085-4', '96194391ce8f410bbc16,96194391ce8f410bbc24,96194391ce8f410bbc8', 'springboot-判断题-46', 'bool', '正确【√】', 'springboot-判断题-解析-46', '2021-04-10 11:33:46', 8);
INSERT INTO `question` VALUES ('11e9bb6441d541198c45', 'b275ad41-274c-4', 'f6f17ca7-cb57-4', '87e7a849-3085-4', '96194391ce8f410bbc49,96194391ce8f410bbc22,96194391ce8f410bbc7', 'springboot-判断题-45', 'bool', '正确【√】', 'springboot-判断题-解析-45', '2021-04-10 11:33:45', 7);
INSERT INTO `question` VALUES ('11e9bb6441d541198c44', 'b275ad41-274c-4', 'f6f17ca7-cb57-4', '87e7a849-3085-4', '96194391ce8f410bbc0,96194391ce8f410bbc22,96194391ce8f410bbc26', 'springboot-判断题-44', 'bool', '正确【√】', 'springboot-判断题-解析-44', '2021-04-10 11:33:44', 6);
INSERT INTO `question` VALUES ('11e9bb6441d541198c43', 'b275ad41-274c-4', 'f6f17ca7-cb57-4', '87e7a849-3085-4', '96194391ce8f410bbc37,96194391ce8f410bbc39,96194391ce8f410bbc6', 'springboot-判断题-43', 'bool', '错误【×】', 'springboot-判断题-解析-43', '2021-04-10 11:33:43', 6);
INSERT INTO `question` VALUES ('11e9bb6441d541198c42', 'b275ad41-274c-4', 'f6f17ca7-cb57-4', '87e7a849-3085-4', '96194391ce8f410bbc49,96194391ce8f410bbc15,96194391ce8f410bbc48', 'springboot-判断题-42', 'bool', '错误【×】', 'springboot-判断题-解析-42', '2021-04-10 11:33:42', 8);
INSERT INTO `question` VALUES ('11e9bb6441d541198c41', 'b275ad41-274c-4', 'f6f17ca7-cb57-4', '87e7a849-3085-4', '96194391ce8f410bbc15,96194391ce8f410bbc42,96194391ce8f410bbc26', 'springboot-判断题-41', 'bool', '错误【×】', 'springboot-判断题-解析-41', '2021-04-10 11:33:41', 6);
INSERT INTO `question` VALUES ('11e9bb6441d541198c40', 'b275ad41-274c-4', 'f6f17ca7-cb57-4', '87e7a849-3085-4', '96194391ce8f410bbc36,96194391ce8f410bbc53,96194391ce8f410bbc49', 'springboot-判断题-40', 'bool', '错误【×】', 'springboot-判断题-解析-40', '2021-04-10 11:33:40', 9);
INSERT INTO `question` VALUES ('11e9bb6441d541198c39', 'b275ad41-274c-4', 'f6f17ca7-cb57-4', '87e7a849-3085-4', '96194391ce8f410bbc43,96194391ce8f410bbc28,96194391ce8f410bbc31', 'springboot-判断题-39', 'bool', '错误【×】', 'springboot-判断题-解析-39', '2021-04-10 11:33:39', 1);
INSERT INTO `question` VALUES ('11e9bb6441d541198c38', 'b275ad41-274c-4', 'f6f17ca7-cb57-4', '87e7a849-3085-4', '96194391ce8f410bbc21,96194391ce8f410bbc49,96194391ce8f410bbc6', 'springboot-判断题-38', 'bool', '正确【√】', 'springboot-判断题-解析-38', '2021-04-10 11:33:38', 6);
INSERT INTO `question` VALUES ('11e9bb6441d541198c37', 'b275ad41-274c-4', 'f6f17ca7-cb57-4', '87e7a849-3085-4', '96194391ce8f410bbc45,96194391ce8f410bbc32,96194391ce8f410bbc37', 'springboot-判断题-37', 'bool', '正确【√】', 'springboot-判断题-解析-37', '2021-04-10 11:33:37', 7);
INSERT INTO `question` VALUES ('11e9bb6441d541198c36', 'b275ad41-274c-4', 'f6f17ca7-cb57-4', '87e7a849-3085-4', '96194391ce8f410bbc54,96194391ce8f410bbc18,96194391ce8f410bbc48', 'springboot-判断题-36', 'bool', '正确【√】', 'springboot-判断题-解析-36', '2021-04-10 11:33:36', 8);
INSERT INTO `question` VALUES ('11e9bb6441d541198c35', 'b275ad41-274c-4', 'f6f17ca7-cb57-4', '87e7a849-3085-4', '96194391ce8f410bbc32,96194391ce8f410bbc43,96194391ce8f410bbc59', 'springboot-判断题-35', 'bool', '错误【×】', 'springboot-判断题-解析-35', '2021-04-10 11:33:35', 9);
INSERT INTO `question` VALUES ('11e9bb6441d541198c34', 'b275ad41-274c-4', 'f6f17ca7-cb57-4', '87e7a849-3085-4', '96194391ce8f410bbc12,96194391ce8f410bbc15,96194391ce8f410bbc28', 'springboot-判断题-34', 'bool', '错误【×】', 'springboot-判断题-解析-34', '2021-04-10 11:33:34', 8);
INSERT INTO `question` VALUES ('11e9bb6441d541198c33', 'b275ad41-274c-4', 'f6f17ca7-cb57-4', '87e7a849-3085-4', '96194391ce8f410bbc43,96194391ce8f410bbc57,96194391ce8f410bbc31', 'springboot-判断题-33', 'bool', '正确【√】', 'springboot-判断题-解析-33', '2021-04-10 11:33:33', 1);
INSERT INTO `question` VALUES ('11e9bb6441d541198c32', 'b275ad41-274c-4', 'f6f17ca7-cb57-4', '87e7a849-3085-4', '96194391ce8f410bbc31,96194391ce8f410bbc13,96194391ce8f410bbc53', 'springboot-判断题-32', 'bool', '正确【√】', 'springboot-判断题-解析-32', '2021-04-10 11:33:32', 3);
INSERT INTO `question` VALUES ('11e9bb6441d541198c31', 'b275ad41-274c-4', 'f6f17ca7-cb57-4', '87e7a849-3085-4', '96194391ce8f410bbc32,96194391ce8f410bbc49,96194391ce8f410bbc25', 'springboot-判断题-31', 'bool', '错误【×】', 'springboot-判断题-解析-31', '2021-04-10 11:33:31', 5);
INSERT INTO `question` VALUES ('11e9bb6441d541198c30', 'b275ad41-274c-4', 'f6f17ca7-cb57-4', '87e7a849-3085-4', '96194391ce8f410bbc56,96194391ce8f410bbc36,96194391ce8f410bbc52', 'springboot-判断题-30', 'bool', '正确【√】', 'springboot-判断题-解析-30', '2021-04-10 11:33:30', 2);
INSERT INTO `question` VALUES ('11e9bb6441d541198c29', 'b275ad41-274c-4', 'f6f17ca7-cb57-4', '87e7a849-3085-4', '96194391ce8f410bbc51,96194391ce8f410bbc32,96194391ce8f410bbc33', 'springboot-判断题-29', 'bool', '正确【√】', 'springboot-判断题-解析-29', '2021-04-10 11:33:29', 3);
INSERT INTO `question` VALUES ('11e9bb6441d541198c28', 'b275ad41-274c-4', 'f6f17ca7-cb57-4', '87e7a849-3085-4', '96194391ce8f410bbc0,96194391ce8f410bbc24,96194391ce8f410bbc8', 'springboot-判断题-28', 'bool', '错误【×】', 'springboot-判断题-解析-28', '2021-04-10 11:33:28', 8);
INSERT INTO `question` VALUES ('11e9bb6441d541198c27', 'b275ad41-274c-4', 'f6f17ca7-cb57-4', '87e7a849-3085-4', '96194391ce8f410bbc1,96194391ce8f410bbc2,96194391ce8f410bbc52', 'springboot-判断题-27', 'bool', '错误【×】', 'springboot-判断题-解析-27', '2021-04-10 11:33:27', 2);
INSERT INTO `question` VALUES ('11e9bb6441d541198c26', 'b275ad41-274c-4', 'f6f17ca7-cb57-4', '87e7a849-3085-4', '96194391ce8f410bbc28,96194391ce8f410bbc29,96194391ce8f410bbc12', 'springboot-判断题-26', 'bool', '正确【√】', 'springboot-判断题-解析-26', '2021-04-10 11:33:26', 2);
INSERT INTO `question` VALUES ('11e9bb6441d541198c25', 'b275ad41-274c-4', 'f6f17ca7-cb57-4', '87e7a849-3085-4', '96194391ce8f410bbc4,96194391ce8f410bbc33,96194391ce8f410bbc24', 'springboot-判断题-25', 'bool', '错误【×】', 'springboot-判断题-解析-25', '2021-04-10 11:33:25', 4);
INSERT INTO `question` VALUES ('11e9bb6441d541198c24', 'b275ad41-274c-4', 'f6f17ca7-cb57-4', '87e7a849-3085-4', '96194391ce8f410bbc44,96194391ce8f410bbc31,96194391ce8f410bbc52', 'springboot-判断题-24', 'bool', '正确【√】', 'springboot-判断题-解析-24', '2021-04-10 11:33:24', 2);
INSERT INTO `question` VALUES ('11e9bb6441d541198c23', 'b275ad41-274c-4', 'f6f17ca7-cb57-4', '87e7a849-3085-4', '96194391ce8f410bbc30,96194391ce8f410bbc18,96194391ce8f410bbc42', 'springboot-判断题-23', 'bool', '正确【√】', 'springboot-判断题-解析-23', '2021-04-10 11:33:23', 2);
INSERT INTO `question` VALUES ('11e9bb6441d541198c22', 'b275ad41-274c-4', 'f6f17ca7-cb57-4', '87e7a849-3085-4', '96194391ce8f410bbc56,96194391ce8f410bbc6,96194391ce8f410bbc40', 'springboot-判断题-22', 'bool', '错误【×】', 'springboot-判断题-解析-22', '2021-04-10 11:33:22', 0);
INSERT INTO `question` VALUES ('11e9bb6441d541198c21', 'b275ad41-274c-4', 'f6f17ca7-cb57-4', '87e7a849-3085-4', '96194391ce8f410bbc32,96194391ce8f410bbc13,96194391ce8f410bbc38', 'springboot-判断题-21', 'bool', '正确【√】', 'springboot-判断题-解析-21', '2021-04-10 11:33:21', 8);
INSERT INTO `question` VALUES ('11e9bb6441d541198c20', 'b275ad41-274c-4', 'f6f17ca7-cb57-4', '87e7a849-3085-4', '96194391ce8f410bbc27,96194391ce8f410bbc35,96194391ce8f410bbc47', 'springboot-判断题-20', 'bool', '正确【√】', 'springboot-判断题-解析-20', '2021-04-10 11:33:20', 7);
INSERT INTO `question` VALUES ('11e9bb6441d541198c19', 'b275ad41-274c-4', 'f6f17ca7-cb57-4', '87e7a849-3085-4', '96194391ce8f410bbc34,96194391ce8f410bbc42,96194391ce8f410bbc22', 'springboot-判断题-19', 'bool', '错误【×】', 'springboot-判断题-解析-19', '2021-04-10 11:33:19', 2);
INSERT INTO `question` VALUES ('11e9bb6441d541198c18', 'b275ad41-274c-4', 'f6f17ca7-cb57-4', '87e7a849-3085-4', '96194391ce8f410bbc22,96194391ce8f410bbc29,96194391ce8f410bbc59', 'springboot-判断题-18', 'bool', '正确【√】', 'springboot-判断题-解析-18', '2021-04-10 11:33:18', 9);
INSERT INTO `question` VALUES ('11e9bb6441d541198c17', 'b275ad41-274c-4', 'f6f17ca7-cb57-4', '87e7a849-3085-4', '96194391ce8f410bbc46,96194391ce8f410bbc41,96194391ce8f410bbc36', 'springboot-判断题-17', 'bool', '错误【×】', 'springboot-判断题-解析-17', '2021-04-10 11:33:17', 6);
INSERT INTO `question` VALUES ('11e9bb6441d541198c16', 'b275ad41-274c-4', 'f6f17ca7-cb57-4', '87e7a849-3085-4', '96194391ce8f410bbc36,96194391ce8f410bbc23,96194391ce8f410bbc44', 'springboot-判断题-16', 'bool', '正确【√】', 'springboot-判断题-解析-16', '2021-04-10 11:33:16', 4);
INSERT INTO `question` VALUES ('11e9bb6441d541198c15', 'b275ad41-274c-4', 'f6f17ca7-cb57-4', '87e7a849-3085-4', '96194391ce8f410bbc35,96194391ce8f410bbc37,96194391ce8f410bbc37', 'springboot-判断题-15', 'bool', '错误【×】', 'springboot-判断题-解析-15', '2021-04-10 11:33:15', 7);
INSERT INTO `question` VALUES ('11e9bb6441d541198c14', 'b275ad41-274c-4', 'f6f17ca7-cb57-4', '87e7a849-3085-4', '96194391ce8f410bbc51,96194391ce8f410bbc21,96194391ce8f410bbc0', 'springboot-判断题-14', 'bool', '正确【√】', 'springboot-判断题-解析-14', '2021-04-10 11:33:14', 0);
INSERT INTO `question` VALUES ('11e9bb6441d541198c13', 'b275ad41-274c-4', 'f6f17ca7-cb57-4', '87e7a849-3085-4', '96194391ce8f410bbc33,96194391ce8f410bbc36,96194391ce8f410bbc49', 'springboot-判断题-13', 'bool', '错误【×】', 'springboot-判断题-解析-13', '2021-04-10 11:33:13', 9);
INSERT INTO `question` VALUES ('11e9bb6441d541198c12', 'b275ad41-274c-4', 'f6f17ca7-cb57-4', '87e7a849-3085-4', '96194391ce8f410bbc47,96194391ce8f410bbc59,96194391ce8f410bbc57', 'springboot-判断题-12', 'bool', '错误【×】', 'springboot-判断题-解析-12', '2021-04-10 11:33:12', 7);
INSERT INTO `question` VALUES ('11e9bb6441d541198c11', 'b275ad41-274c-4', 'f6f17ca7-cb57-4', '87e7a849-3085-4', '96194391ce8f410bbc24,96194391ce8f410bbc31,96194391ce8f410bbc46', 'springboot-判断题-11', 'bool', '正确【√】', 'springboot-判断题-解析-11', '2021-04-10 11:33:11', 6);
INSERT INTO `question` VALUES ('11e9bb6441d541198c10', 'b275ad41-274c-4', 'f6f17ca7-cb57-4', '87e7a849-3085-4', '96194391ce8f410bbc38,96194391ce8f410bbc34,96194391ce8f410bbc5', 'springboot-判断题-10', 'bool', '正确【√】', 'springboot-判断题-解析-10', '2021-04-10 11:33:10', 5);
INSERT INTO `question` VALUES ('11e9bb6441d541198c9', 'b275ad41-274c-4', 'f6f17ca7-cb57-4', '87e7a849-3085-4', '96194391ce8f410bbc38,96194391ce8f410bbc42,96194391ce8f410bbc55', 'springboot-判断题-9', 'bool', '正确【√】', 'springboot-判断题-解析-9', '2021-04-10 11:33:09', 5);
INSERT INTO `question` VALUES ('11e9bb6441d541198c8', 'b275ad41-274c-4', 'f6f17ca7-cb57-4', '87e7a849-3085-4', '96194391ce8f410bbc54,96194391ce8f410bbc27,96194391ce8f410bbc8', 'springboot-判断题-8', 'bool', '正确【√】', 'springboot-判断题-解析-8', '2021-04-10 11:33:08', 8);
INSERT INTO `question` VALUES ('11e9bb6441d541198c7', 'b275ad41-274c-4', 'f6f17ca7-cb57-4', '87e7a849-3085-4', '96194391ce8f410bbc47,96194391ce8f410bbc37,96194391ce8f410bbc34', 'springboot-判断题-7', 'bool', '错误【×】', 'springboot-判断题-解析-7', '2021-04-10 11:33:07', 4);
INSERT INTO `question` VALUES ('11e9bb6441d541198c6', 'b275ad41-274c-4', 'f6f17ca7-cb57-4', '87e7a849-3085-4', '96194391ce8f410bbc52,96194391ce8f410bbc44,96194391ce8f410bbc36', 'springboot-判断题-6', 'bool', '正确【√】', 'springboot-判断题-解析-6', '2021-04-10 11:33:06', 6);
INSERT INTO `question` VALUES ('11e9bb6441d541198c5', 'b275ad41-274c-4', 'f6f17ca7-cb57-4', '87e7a849-3085-4', '96194391ce8f410bbc53,96194391ce8f410bbc20,96194391ce8f410bbc35', 'springboot-判断题-5', 'bool', '正确【√】', 'springboot-判断题-解析-5', '2021-04-10 11:33:05', 5);
INSERT INTO `question` VALUES ('11e9bb6441d541198c4', 'b275ad41-274c-4', 'f6f17ca7-cb57-4', '87e7a849-3085-4', '96194391ce8f410bbc45,96194391ce8f410bbc20,96194391ce8f410bbc42', 'springboot-判断题-4', 'bool', '错误【×】', 'springboot-判断题-解析-4', '2021-04-10 11:33:04', 2);
INSERT INTO `question` VALUES ('11e9bb6441d541198c3', 'b275ad41-274c-4', 'f6f17ca7-cb57-4', '87e7a849-3085-4', '96194391ce8f410bbc45,96194391ce8f410bbc37,96194391ce8f410bbc9', 'springboot-判断题-3', 'bool', '正确【√】', 'springboot-判断题-解析-3', '2021-04-10 11:33:03', 9);
INSERT INTO `question` VALUES ('11e9bb6441d541198c2', 'b275ad41-274c-4', 'f6f17ca7-cb57-4', '87e7a849-3085-4', '96194391ce8f410bbc41,96194391ce8f410bbc15,96194391ce8f410bbc13', 'springboot-判断题-2', 'bool', '错误【×】', 'springboot-判断题-解析-2', '2021-04-10 11:33:02', 3);
INSERT INTO `question` VALUES ('11e9bb6441d541198c1', 'b275ad41-274c-4', 'f6f17ca7-cb57-4', '87e7a849-3085-4', '96194391ce8f410bbc57,96194391ce8f410bbc48,96194391ce8f410bbc53', 'springboot-判断题-1', 'bool', '正确【√】', 'springboot-判断题-解析-1', '2021-04-10 11:33:01', 3);
INSERT INTO `question` VALUES ('11e9bb6441d541198c0', 'b275ad41-274c-4', 'f6f17ca7-cb57-4', '87e7a849-3085-4', '96194391ce8f410bbc39,96194391ce8f410bbc51,96194391ce8f410bbc54', 'springboot-判断题-0', 'bool', '错误【×】', 'springboot-判断题-解析-0', '2021-04-10 11:33:00', 4);
INSERT INTO `question` VALUES ('11e9bb6441d541198c49', 'b275ad41-274c-4', 'f6f17ca7-cb57-4', '7581b3cd048b4c6193', '96194391ce8f410bbc26,96194391ce8f410bbc58,96194391ce8f410bbc31', 'springboot-简答题-49', 'simple', 'springboot-简答题-答案-49', 'springboot-简答题-解析-49', '2021-02-22 11:38:49', 1);
INSERT INTO `question` VALUES ('11e9bb6441d541198c50', 'b275ad41-274c-4', 'f6f17ca7-cb57-4', '7581b3cd048b4c6193', '96194391ce8f410bbc24,96194391ce8f410bbc23,96194391ce8f410bbc41', 'springboot-简答题-50', 'simple', 'springboot-简答题-答案-50', 'springboot-简答题-解析-50', '2021-02-22 11:38:50', 1);
INSERT INTO `question` VALUES ('11e9bb6441d541198c51', 'b275ad41-274c-4', 'f6f17ca7-cb57-4', '7581b3cd048b4c6193', '96194391ce8f410bbc29,96194391ce8f410bbc41,96194391ce8f410bbc26', 'springboot-简答题-51', 'simple', 'springboot-简答题-答案-51', 'springboot-简答题-解析-51', '2021-02-22 11:38:51', 6);
INSERT INTO `question` VALUES ('11e9bb6441d541198c52', 'b275ad41-274c-4', 'f6f17ca7-cb57-4', '7581b3cd048b4c6193', '96194391ce8f410bbc56,96194391ce8f410bbc42,96194391ce8f410bbc45', 'springboot-简答题-52', 'simple', 'springboot-简答题-答案-52', 'springboot-简答题-解析-52', '2021-02-22 11:38:52', 5);
INSERT INTO `question` VALUES ('11e9bb6441d541198c53', 'b275ad41-274c-4', 'f6f17ca7-cb57-4', '7581b3cd048b4c6193', '96194391ce8f410bbc30,96194391ce8f410bbc45,96194391ce8f410bbc45', 'springboot-简答题-53', 'simple', 'springboot-简答题-答案-53', 'springboot-简答题-解析-53', '2021-02-22 11:38:53', 5);
INSERT INTO `question` VALUES ('11e9bb6441d541198c54', 'b275ad41-274c-4', 'f6f17ca7-cb57-4', '7581b3cd048b4c6193', '96194391ce8f410bbc49,96194391ce8f410bbc45,96194391ce8f410bbc40', 'springboot-简答题-54', 'simple', 'springboot-简答题-答案-54', 'springboot-简答题-解析-54', '2021-02-22 11:38:54', 0);
INSERT INTO `question` VALUES ('11e9bb6441d541198c55', 'b275ad41-274c-4', 'f6f17ca7-cb57-4', '7581b3cd048b4c6193', '96194391ce8f410bbc19,96194391ce8f410bbc33,96194391ce8f410bbc39', 'springboot-简答题-55', 'simple', 'springboot-简答题-答案-55', 'springboot-简答题-解析-55', '2021-02-22 11:38:55', 9);
INSERT INTO `question` VALUES ('11e9bb6441d541198c56', 'b275ad41-274c-4', 'f6f17ca7-cb57-4', '7581b3cd048b4c6193', '96194391ce8f410bbc54,96194391ce8f410bbc47,96194391ce8f410bbc32', 'springboot-简答题-56', 'simple', 'springboot-简答题-答案-56', 'springboot-简答题-解析-56', '2021-02-22 11:38:56', 2);
INSERT INTO `question` VALUES ('11e9bb6441d541198c57', 'b275ad41-274c-4', 'f6f17ca7-cb57-4', '7581b3cd048b4c6193', '96194391ce8f410bbc3,96194391ce8f410bbc5,96194391ce8f410bbc49', 'springboot-简答题-57', 'simple', 'springboot-简答题-答案-57', 'springboot-简答题-解析-57', '2021-02-22 11:38:57', 9);
INSERT INTO `question` VALUES ('11e9bb6441d541198c58', 'b275ad41-274c-4', 'f6f17ca7-cb57-4', '7581b3cd048b4c6193', '96194391ce8f410bbc34,96194391ce8f410bbc34,96194391ce8f410bbc27', 'springboot-简答题-58', 'simple', 'springboot-简答题-答案-58', 'springboot-简答题-解析-58', '2021-02-22 11:38:58', 7);
INSERT INTO `question` VALUES ('11e9bb6441d541198c59', 'b275ad41-274c-4', 'f6f17ca7-cb57-4', '7581b3cd048b4c6193', '96194391ce8f410bbc53,96194391ce8f410bbc59,96194391ce8f410bbc26', 'springboot-简答题-59', 'simple', 'springboot-简答题-答案-59', 'springboot-简答题-解析-59', '2021-02-22 11:38:59', 6);

-- ----------------------------
-- Table structure for question_bank
-- ----------------------------
DROP TABLE IF EXISTS `question_bank`;
CREATE TABLE `question_bank`  (
  `que_bank_id` varchar(20) CHARACTER SET utf8 COLLATE utf8_general_ci NOT NULL COMMENT '题库id',
  `que_bank_name` varchar(25) CHARACTER SET utf8 COLLATE utf8_general_ci NOT NULL COMMENT '题库名字',
  `que_bank_describe` varchar(255) CHARACTER SET utf8 COLLATE utf8_general_ci NULL DEFAULT NULL COMMENT '题库描述',
  `que_bank_course_id` varchar(20) CHARACTER SET utf8 COLLATE utf8_general_ci NULL DEFAULT NULL COMMENT '课程id,--外键',
  `create_time` datetime NULL DEFAULT NULL COMMENT '创建时间',
  `create_by` varchar(20) CHARACTER SET utf8 COLLATE utf8_general_ci NULL DEFAULT NULL COMMENT '创建人',
  PRIMARY KEY (`que_bank_id`, `que_bank_name`) USING BTREE
) ENGINE = MyISAM CHARACTER SET = utf8 COLLATE = utf8_general_ci ROW_FORMAT = Dynamic;

-- ----------------------------
-- Records of question_bank
-- ----------------------------
INSERT INTO `question_bank` VALUES ('5bee7847-5c87-4', 'java题库', '认真练习哦', '30c2a810-2b9a-4', '2021-02-13 12:25:04', '05ad6e1c-b8de-4');
INSERT INTO `question_bank` VALUES ('f6f17ca7-cb57-4', 'springboot题库', '必须会', 'b275ad41-274c-4', '2021-02-13 12:25:05', '87e7a849-3085-4');
INSERT INTO `question_bank` VALUES ('26528000d20f47429f', '测试222', '234', '30c2a810-2b9a-4', '2021-02-14 15:16:01', '05ad6e1c-b8de-4');
INSERT INTO `question_bank` VALUES ('0b7ac75bc6844b1f83', '题库是', '日日日', '30c2a810-2b9a-4', '2021-02-14 15:10:19', 'efe51ab845924599b2');
INSERT INTO `question_bank` VALUES ('0b7ac75bc6844b1f84', 'Javaweb题库', 'Javaweb自动添加', 'e74e7450-c280-4', '2021-02-14 15:10:19', '87e7a849-3085-4');

-- ----------------------------
-- Table structure for question_choice
-- ----------------------------
DROP TABLE IF EXISTS `question_choice`;
CREATE TABLE `question_choice`  (
  `que_id` varchar(20) CHARACTER SET utf8 COLLATE utf8_general_ci NOT NULL COMMENT '试题id',
  `que_course_id` varchar(20) CHARACTER SET utf8 COLLATE utf8_general_ci NULL DEFAULT NULL COMMENT '所属的课程id',
  `que_bank_id` varchar(20) CHARACTER SET utf8 COLLATE utf8_general_ci NULL DEFAULT NULL COMMENT '所属的题库id',
  `que_create_by` varchar(20) CHARACTER SET utf8 COLLATE utf8_general_ci NULL DEFAULT NULL COMMENT '创建人--跟user_id就名字不一样',
  `knowledge_ids` varchar(255) CHARACTER SET utf8 COLLATE utf8_general_ci NULL DEFAULT NULL COMMENT '知识点列表',
  `que_content` varchar(25) CHARACTER SET utf8 COLLATE utf8_general_ci NOT NULL COMMENT '试题内容',
  `que_a` varchar(255) CHARACTER SET utf8 COLLATE utf8_general_ci NULL DEFAULT NULL COMMENT '选项A',
  `que_b` varchar(255) CHARACTER SET utf8 COLLATE utf8_general_ci NULL DEFAULT NULL COMMENT '选项B',
  `que_c` varchar(255) CHARACTER SET utf8 COLLATE utf8_general_ci NULL DEFAULT NULL COMMENT '选项C',
  `que_d` varchar(255) CHARACTER SET utf8 COLLATE utf8_general_ci NULL DEFAULT NULL COMMENT '选项D',
  `que_answer` text CHARACTER SET utf8 COLLATE utf8_general_ci NULL COMMENT '参考答案---',
  `que_answer_describe` text CHARACTER SET utf8 COLLATE utf8_general_ci NULL COMMENT '答案解析',
  `create_time` datetime NULL DEFAULT NULL COMMENT '创建时间',
  `que_difficulty` bigint(1) NOT NULL COMMENT '题目难度(1-10)',
  PRIMARY KEY (`que_content`) USING BTREE
) ENGINE = MyISAM CHARACTER SET = utf8 COLLATE = utf8_general_ci ROW_FORMAT = Dynamic;

-- ----------------------------
-- Records of question_choice
-- ----------------------------
INSERT INTO `question_choice` VALUES ('15632d144a3e4a0fa23', '30c2a810-2b9a-4', '5bee7847-5c87-4', '05ad6e1c-b8de-4', 'ef4eef5257ac4ea79f0,ef4eef5257ac4ea79f20,ef4eef5257ac4ea79f17,ef4eef5257ac4ea79f26,ef4eef5257ac4ea79f0', '软件工程题目自动添加-内容-23', '自动添加选项A的内容-23', '自动添加选项B的内容-23', '自动添加选项C的内容-23', '自动添加选项D的内容-23', 'D', '软件工程题目自动添加-的解析-23', '2021-02-22 08:47:23', 10);
INSERT INTO `question_choice` VALUES ('15632d144a3e4a0fa22', '30c2a810-2b9a-4', '5bee7847-5c87-4', '05ad6e1c-b8de-4', 'ef4eef5257ac4ea79f17,ef4eef5257ac4ea79f27,ef4eef5257ac4ea79f32,ef4eef5257ac4ea79f11,ef4eef5257ac4ea79f12', '软件工程题目自动添加-内容-22', '自动添加选项A的内容-22', '自动添加选项B的内容-22', '自动添加选项C的内容-22', '自动添加选项D的内容-22', 'C', '软件工程题目自动添加-的解析-22', '2021-02-22 08:47:22', 10);
INSERT INTO `question_choice` VALUES ('15632d144a3e4a0fa21', '30c2a810-2b9a-4', '5bee7847-5c87-4', '05ad6e1c-b8de-4', 'ef4eef5257ac4ea79f22,ef4eef5257ac4ea79f48,ef4eef5257ac4ea79f14,ef4eef5257ac4ea79f10,ef4eef5257ac4ea79f33', '软件工程题目自动添加-内容-21', '自动添加选项A的内容-21', '自动添加选项B的内容-21', '自动添加选项C的内容-21', '自动添加选项D的内容-21', 'A', '软件工程题目自动添加-的解析-21', '2021-02-22 08:47:21', 10);
INSERT INTO `question_choice` VALUES ('15632d144a3e4a0fa20', '30c2a810-2b9a-4', '5bee7847-5c87-4', '05ad6e1c-b8de-4', 'ef4eef5257ac4ea79f0,ef4eef5257ac4ea79f7,ef4eef5257ac4ea79f6,ef4eef5257ac4ea79f9,ef4eef5257ac4ea79f8', '软件工程题目自动添加-内容-20', '自动添加选项A的内容-20', '自动添加选项B的内容-20', '自动添加选项C的内容-20', '自动添加选项D的内容-20', 'A', '软件工程题目自动添加-的解析-20', '2021-02-22 08:47:20', 10);
INSERT INTO `question_choice` VALUES ('15632d144a3e4a0fa19', '30c2a810-2b9a-4', '5bee7847-5c87-4', '05ad6e1c-b8de-4', 'ef4eef5257ac4ea79f7,ef4eef5257ac4ea79f43,ef4eef5257ac4ea79f24,ef4eef5257ac4ea79f10,ef4eef5257ac4ea79f13', '软件工程题目自动添加-内容-19', '自动添加选项A的内容-19', '自动添加选项B的内容-19', '自动添加选项C的内容-19', '自动添加选项D的内容-19', 'B', '软件工程题目自动添加-的解析-19', '2021-02-22 08:47:19', 10);
INSERT INTO `question_choice` VALUES ('15632d144a3e4a0fa18', '30c2a810-2b9a-4', '5bee7847-5c87-4', '05ad6e1c-b8de-4', 'ef4eef5257ac4ea79f18,ef4eef5257ac4ea79f24,ef4eef5257ac4ea79f31,ef4eef5257ac4ea79f57,ef4eef5257ac4ea79f4', '软件工程题目自动添加-内容-18', '自动添加选项A的内容-18', '自动添加选项B的内容-18', '自动添加选项C的内容-18', '自动添加选项D的内容-18', 'A', '软件工程题目自动添加-的解析-18', '2021-02-22 08:47:18', 10);
INSERT INTO `question_choice` VALUES ('15632d144a3e4a0fa17', '30c2a810-2b9a-4', '5bee7847-5c87-4', '05ad6e1c-b8de-4', 'ef4eef5257ac4ea79f30,ef4eef5257ac4ea79f37,ef4eef5257ac4ea79f39,ef4eef5257ac4ea79f27,ef4eef5257ac4ea79f21', '软件工程题目自动添加-内容-17', '自动添加选项A的内容-17', '自动添加选项B的内容-17', '自动添加选项C的内容-17', '自动添加选项D的内容-17', 'D', '软件工程题目自动添加-的解析-17', '2021-02-22 08:47:17', 10);
INSERT INTO `question_choice` VALUES ('15632d144a3e4a0fa16', '30c2a810-2b9a-4', '5bee7847-5c87-4', '05ad6e1c-b8de-4', 'ef4eef5257ac4ea79f36,ef4eef5257ac4ea79f15,ef4eef5257ac4ea79f13,ef4eef5257ac4ea79f26,ef4eef5257ac4ea79f38', '软件工程题目自动添加-内容-16', '自动添加选项A的内容-16', '自动添加选项B的内容-16', '自动添加选项C的内容-16', '自动添加选项D的内容-16', 'D', '软件工程题目自动添加-的解析-16', '2021-02-22 08:47:16', 10);
INSERT INTO `question_choice` VALUES ('15632d144a3e4a0fa15', '30c2a810-2b9a-4', '5bee7847-5c87-4', '05ad6e1c-b8de-4', 'ef4eef5257ac4ea79f33,ef4eef5257ac4ea79f39,ef4eef5257ac4ea79f14,ef4eef5257ac4ea79f19,ef4eef5257ac4ea79f20', '软件工程题目自动添加-内容-15', '自动添加选项A的内容-15', '自动添加选项B的内容-15', '自动添加选项C的内容-15', '自动添加选项D的内容-15', 'B', '软件工程题目自动添加-的解析-15', '2021-02-22 08:47:15', 10);
INSERT INTO `question_choice` VALUES ('15632d144a3e4a0fa14', '30c2a810-2b9a-4', '5bee7847-5c87-4', '05ad6e1c-b8de-4', 'ef4eef5257ac4ea79f17,ef4eef5257ac4ea79f30,ef4eef5257ac4ea79f57,ef4eef5257ac4ea79f12,ef4eef5257ac4ea79f11', '软件工程题目自动添加-内容-14', '自动添加选项A的内容-14', '自动添加选项B的内容-14', '自动添加选项C的内容-14', '自动添加选项D的内容-14', 'D', '软件工程题目自动添加-的解析-14', '2021-02-22 08:47:14', 10);
INSERT INTO `question_choice` VALUES ('15632d144a3e4a0fa13', '30c2a810-2b9a-4', '5bee7847-5c87-4', '05ad6e1c-b8de-4', 'ef4eef5257ac4ea79f15,ef4eef5257ac4ea79f8,ef4eef5257ac4ea79f21,ef4eef5257ac4ea79f51,ef4eef5257ac4ea79f22', '软件工程题目自动添加-内容-13', '自动添加选项A的内容-13', '自动添加选项B的内容-13', '自动添加选项C的内容-13', '自动添加选项D的内容-13', 'B', '软件工程题目自动添加-的解析-13', '2021-02-22 08:47:13', 10);
INSERT INTO `question_choice` VALUES ('15632d144a3e4a0fa12', '30c2a810-2b9a-4', '5bee7847-5c87-4', '05ad6e1c-b8de-4', 'ef4eef5257ac4ea79f36,ef4eef5257ac4ea79f53,ef4eef5257ac4ea79f23,ef4eef5257ac4ea79f35,ef4eef5257ac4ea79f13', '软件工程题目自动添加-内容-12', '自动添加选项A的内容-12', '自动添加选项B的内容-12', '自动添加选项C的内容-12', '自动添加选项D的内容-12', 'C', '软件工程题目自动添加-的解析-12', '2021-02-22 08:47:12', 10);
INSERT INTO `question_choice` VALUES ('15632d144a3e4a0fa11', '30c2a810-2b9a-4', '5bee7847-5c87-4', '05ad6e1c-b8de-4', 'ef4eef5257ac4ea79f32,ef4eef5257ac4ea79f55,ef4eef5257ac4ea79f37,ef4eef5257ac4ea79f37,ef4eef5257ac4ea79f21', '软件工程题目自动添加-内容-11', '自动添加选项A的内容-11', '自动添加选项B的内容-11', '自动添加选项C的内容-11', '自动添加选项D的内容-11', 'B', '软件工程题目自动添加-的解析-11', '2021-02-22 08:47:11', 10);
INSERT INTO `question_choice` VALUES ('15632d144a3e4a0fa10', '30c2a810-2b9a-4', '5bee7847-5c87-4', '05ad6e1c-b8de-4', 'ef4eef5257ac4ea79f20,ef4eef5257ac4ea79f38,ef4eef5257ac4ea79f27,ef4eef5257ac4ea79f38,ef4eef5257ac4ea79f35', '软件工程题目自动添加-内容-10', '自动添加选项A的内容-10', '自动添加选项B的内容-10', '自动添加选项C的内容-10', '自动添加选项D的内容-10', 'D', '软件工程题目自动添加-的解析-10', '2021-02-22 08:47:10', 10);
INSERT INTO `question_choice` VALUES ('15632d144a3e4a0fa9', '30c2a810-2b9a-4', '5bee7847-5c87-4', '05ad6e1c-b8de-4', 'ef4eef5257ac4ea79f32,ef4eef5257ac4ea79f38,ef4eef5257ac4ea79f2,ef4eef5257ac4ea79f35,ef4eef5257ac4ea79f22', '软件工程题目自动添加-内容-9', '自动添加选项A的内容-9', '自动添加选项B的内容-9', '自动添加选项C的内容-9', '自动添加选项D的内容-9', 'D', '软件工程题目自动添加-的解析-9', '2021-02-22 08:47:09', 10);
INSERT INTO `question_choice` VALUES ('15632d144a3e4a0fa8', '30c2a810-2b9a-4', '5bee7847-5c87-4', '05ad6e1c-b8de-4', 'ef4eef5257ac4ea79f32,ef4eef5257ac4ea79f21,ef4eef5257ac4ea79f20,ef4eef5257ac4ea79f17,ef4eef5257ac4ea79f18', '软件工程题目自动添加-内容-8', '自动添加选项A的内容-8', '自动添加选项B的内容-8', '自动添加选项C的内容-8', '自动添加选项D的内容-8', 'C', '软件工程题目自动添加-的解析-8', '2021-02-22 08:47:08', 10);
INSERT INTO `question_choice` VALUES ('15632d144a3e4a0fa7', '30c2a810-2b9a-4', '5bee7847-5c87-4', '05ad6e1c-b8de-4', 'ef4eef5257ac4ea79f26,ef4eef5257ac4ea79f50,ef4eef5257ac4ea79f32,ef4eef5257ac4ea79f39,ef4eef5257ac4ea79f3', '软件工程题目自动添加-内容-7', '自动添加选项A的内容-7', '自动添加选项B的内容-7', '自动添加选项C的内容-7', '自动添加选项D的内容-7', 'C', '软件工程题目自动添加-的解析-7', '2021-02-22 08:47:07', 10);
INSERT INTO `question_choice` VALUES ('15632d144a3e4a0fa6', '30c2a810-2b9a-4', '5bee7847-5c87-4', '05ad6e1c-b8de-4', 'ef4eef5257ac4ea79f34,ef4eef5257ac4ea79f10,ef4eef5257ac4ea79f41,ef4eef5257ac4ea79f1,ef4eef5257ac4ea79f37', '软件工程题目自动添加-内容-6', '自动添加选项A的内容-6', '自动添加选项B的内容-6', '自动添加选项C的内容-6', '自动添加选项D的内容-6', 'A', '软件工程题目自动添加-的解析-6', '2021-02-22 08:47:06', 10);
INSERT INTO `question_choice` VALUES ('15632d144a3e4a0fa5', '30c2a810-2b9a-4', '5bee7847-5c87-4', '05ad6e1c-b8de-4', 'ef4eef5257ac4ea79f48,ef4eef5257ac4ea79f0,ef4eef5257ac4ea79f34,ef4eef5257ac4ea79f24,ef4eef5257ac4ea79f56', '软件工程题目自动添加-内容-5', '自动添加选项A的内容-5', '自动添加选项B的内容-5', '自动添加选项C的内容-5', '自动添加选项D的内容-5', 'C', '软件工程题目自动添加-的解析-5', '2021-02-22 08:47:05', 10);
INSERT INTO `question_choice` VALUES ('15632d144a3e4a0fa4', '30c2a810-2b9a-4', '5bee7847-5c87-4', '05ad6e1c-b8de-4', 'ef4eef5257ac4ea79f31,ef4eef5257ac4ea79f34,ef4eef5257ac4ea79f51,ef4eef5257ac4ea79f10,ef4eef5257ac4ea79f14', '软件工程题目自动添加-内容-4', '自动添加选项A的内容-4', '自动添加选项B的内容-4', '自动添加选项C的内容-4', '自动添加选项D的内容-4', 'C', '软件工程题目自动添加-的解析-4', '2021-02-22 08:47:04', 10);
INSERT INTO `question_choice` VALUES ('15632d144a3e4a0fa3', '30c2a810-2b9a-4', '5bee7847-5c87-4', '05ad6e1c-b8de-4', 'ef4eef5257ac4ea79f42,ef4eef5257ac4ea79f10,ef4eef5257ac4ea79f4,ef4eef5257ac4ea79f22,ef4eef5257ac4ea79f30', '软件工程题目自动添加-内容-3', '自动添加选项A的内容-3', '自动添加选项B的内容-3', '自动添加选项C的内容-3', '自动添加选项D的内容-3', 'D', '软件工程题目自动添加-的解析-3', '2021-02-22 08:47:03', 10);
INSERT INTO `question_choice` VALUES ('15632d144a3e4a0fa2', '30c2a810-2b9a-4', '5bee7847-5c87-4', '05ad6e1c-b8de-4', 'ef4eef5257ac4ea79f22,ef4eef5257ac4ea79f40,ef4eef5257ac4ea79f3,ef4eef5257ac4ea79f9,ef4eef5257ac4ea79f25', '软件工程题目自动添加-内容-2', '自动添加选项A的内容-2', '自动添加选项B的内容-2', '自动添加选项C的内容-2', '自动添加选项D的内容-2', 'D', '软件工程题目自动添加-的解析-2', '2021-02-22 08:47:02', 10);
INSERT INTO `question_choice` VALUES ('15632d144a3e4a0fa1', '30c2a810-2b9a-4', '5bee7847-5c87-4', '05ad6e1c-b8de-4', 'ef4eef5257ac4ea79f34,ef4eef5257ac4ea79f5,ef4eef5257ac4ea79f43,ef4eef5257ac4ea79f50,ef4eef5257ac4ea79f36', '软件工程题目自动添加-内容-1', '自动添加选项A的内容-1', '自动添加选项B的内容-1', '自动添加选项C的内容-1', '自动添加选项D的内容-1', 'C', '软件工程题目自动添加-的解析-1', '2021-02-22 08:47:01', 10);
INSERT INTO `question_choice` VALUES ('15632d144a3e4a0fa0', '30c2a810-2b9a-4', '5bee7847-5c87-4', '05ad6e1c-b8de-4', 'ef4eef5257ac4ea79f17,ef4eef5257ac4ea79f37,ef4eef5257ac4ea79f12,ef4eef5257ac4ea79f43,ef4eef5257ac4ea79f7', '软件工程题目自动添加-内容-0', '自动添加选项A的内容-0', '自动添加选项B的内容-0', '自动添加选项C的内容-0', '自动添加选项D的内容-0', 'B', '软件工程题目自动添加-的解析-0', '2021-02-22 08:47:00', 10);
INSERT INTO `question_choice` VALUES ('15632d144a3e4a0fa', '30c2a810-2b9a-4', '5bee7847-5c87-4', '05ad6e1c-b8de-4', 'ef4eef5257ac4ea79f47,ef4eef5257ac4ea79f32,ef4eef5257ac4ea79f28,ef4eef5257ac4ea79f24', '软件工程题目自动添加-内容-', '自动添加选项A的内容', '自动添加选项B的内容', '自动添加选项C的内容', '自动添加选项D的内容', 'A', '软件工程题目自动添加-的解析', '2021-02-22 08:47:52', 10);
INSERT INTO `question_choice` VALUES ('15632d144a3e4a0f97', '30c2a810-2b9a-4', '5bee7847-5c87-4', '05ad6e1c-b8de-4', 'ef4eef5257ac4ea79f47,ef4eef5257ac4ea79f32,ef4eef5257ac4ea79f28,ef4eef5257ac4ea79f24', '软件工程题目自动添加-内容', '自动添加选项A的内容', '自动添加选项B的内容', '自动添加选项C的内容', '自动添加选项D的内容', 'A', '软件工程题目自动添加-的解析', '2021-02-22 08:47:52', 10);
INSERT INTO `question_choice` VALUES ('15632d144a3e4a0fa24', '30c2a810-2b9a-4', '5bee7847-5c87-4', '05ad6e1c-b8de-4', 'ef4eef5257ac4ea79f56,ef4eef5257ac4ea79f38,ef4eef5257ac4ea79f50,ef4eef5257ac4ea79f22,ef4eef5257ac4ea79f37', '软件工程题目自动添加-内容-24', '自动添加选项A的内容-24', '自动添加选项B的内容-24', '自动添加选项C的内容-24', '自动添加选项D的内容-24', 'B', '软件工程题目自动添加-的解析-24', '2021-02-22 08:47:24', 10);
INSERT INTO `question_choice` VALUES ('15632d144a3e4a0fa25', '30c2a810-2b9a-4', '5bee7847-5c87-4', '05ad6e1c-b8de-4', 'ef4eef5257ac4ea79f27,ef4eef5257ac4ea79f12,ef4eef5257ac4ea79f12,ef4eef5257ac4ea79f33,ef4eef5257ac4ea79f2', '软件工程题目自动添加-内容-25', '自动添加选项A的内容-25', '自动添加选项B的内容-25', '自动添加选项C的内容-25', '自动添加选项D的内容-25', 'D', '软件工程题目自动添加-的解析-25', '2021-02-22 08:47:25', 10);
INSERT INTO `question_choice` VALUES ('15632d144a3e4a0fa26', '30c2a810-2b9a-4', '5bee7847-5c87-4', '05ad6e1c-b8de-4', 'ef4eef5257ac4ea79f18,ef4eef5257ac4ea79f37,ef4eef5257ac4ea79f26,ef4eef5257ac4ea79f38,ef4eef5257ac4ea79f29', '软件工程题目自动添加-内容-26', '自动添加选项A的内容-26', '自动添加选项B的内容-26', '自动添加选项C的内容-26', '自动添加选项D的内容-26', 'D', '软件工程题目自动添加-的解析-26', '2021-02-22 08:47:26', 10);
INSERT INTO `question_choice` VALUES ('15632d144a3e4a0fa27', '30c2a810-2b9a-4', '5bee7847-5c87-4', '05ad6e1c-b8de-4', 'ef4eef5257ac4ea79f32,ef4eef5257ac4ea79f41,ef4eef5257ac4ea79f20,ef4eef5257ac4ea79f45,ef4eef5257ac4ea79f38', '软件工程题目自动添加-内容-27', '自动添加选项A的内容-27', '自动添加选项B的内容-27', '自动添加选项C的内容-27', '自动添加选项D的内容-27', 'A', '软件工程题目自动添加-的解析-27', '2021-02-22 08:47:27', 10);
INSERT INTO `question_choice` VALUES ('15632d144a3e4a0fa28', '30c2a810-2b9a-4', '5bee7847-5c87-4', '05ad6e1c-b8de-4', 'ef4eef5257ac4ea79f17,ef4eef5257ac4ea79f25,ef4eef5257ac4ea79f25,ef4eef5257ac4ea79f35,ef4eef5257ac4ea79f5', '软件工程题目自动添加-内容-28', '自动添加选项A的内容-28', '自动添加选项B的内容-28', '自动添加选项C的内容-28', '自动添加选项D的内容-28', 'D', '软件工程题目自动添加-的解析-28', '2021-02-22 08:47:28', 10);
INSERT INTO `question_choice` VALUES ('15632d144a3e4a0fa29', '30c2a810-2b9a-4', '5bee7847-5c87-4', '05ad6e1c-b8de-4', 'ef4eef5257ac4ea79f54,ef4eef5257ac4ea79f3,ef4eef5257ac4ea79f57,ef4eef5257ac4ea79f50,ef4eef5257ac4ea79f1', '软件工程题目自动添加-内容-29', '自动添加选项A的内容-29', '自动添加选项B的内容-29', '自动添加选项C的内容-29', '自动添加选项D的内容-29', 'C', '软件工程题目自动添加-的解析-29', '2021-02-22 08:47:29', 10);
INSERT INTO `question_choice` VALUES ('15632d144a3e4a0fa30', '30c2a810-2b9a-4', '5bee7847-5c87-4', '05ad6e1c-b8de-4', 'ef4eef5257ac4ea79f27,ef4eef5257ac4ea79f55,ef4eef5257ac4ea79f31,ef4eef5257ac4ea79f30,ef4eef5257ac4ea79f33', '软件工程题目自动添加-内容-30', '自动添加选项A的内容-30', '自动添加选项B的内容-30', '自动添加选项C的内容-30', '自动添加选项D的内容-30', 'D', '软件工程题目自动添加-的解析-30', '2021-02-22 08:47:30', 10);
INSERT INTO `question_choice` VALUES ('15632d144a3e4a0fa31', '30c2a810-2b9a-4', '5bee7847-5c87-4', '05ad6e1c-b8de-4', 'ef4eef5257ac4ea79f34,ef4eef5257ac4ea79f54,ef4eef5257ac4ea79f39,ef4eef5257ac4ea79f30,ef4eef5257ac4ea79f14', '软件工程题目自动添加-内容-31', '自动添加选项A的内容-31', '自动添加选项B的内容-31', '自动添加选项C的内容-31', '自动添加选项D的内容-31', 'D', '软件工程题目自动添加-的解析-31', '2021-02-22 08:47:31', 10);
INSERT INTO `question_choice` VALUES ('15632d144a3e4a0fa32', '30c2a810-2b9a-4', '5bee7847-5c87-4', '05ad6e1c-b8de-4', 'ef4eef5257ac4ea79f22,ef4eef5257ac4ea79f57,ef4eef5257ac4ea79f29,ef4eef5257ac4ea79f16,ef4eef5257ac4ea79f30', '软件工程题目自动添加-内容-32', '自动添加选项A的内容-32', '自动添加选项B的内容-32', '自动添加选项C的内容-32', '自动添加选项D的内容-32', 'D', '软件工程题目自动添加-的解析-32', '2021-02-22 08:47:32', 10);
INSERT INTO `question_choice` VALUES ('15632d144a3e4a0fa33', '30c2a810-2b9a-4', '5bee7847-5c87-4', '05ad6e1c-b8de-4', 'ef4eef5257ac4ea79f1,ef4eef5257ac4ea79f37,ef4eef5257ac4ea79f56,ef4eef5257ac4ea79f41,ef4eef5257ac4ea79f16', '软件工程题目自动添加-内容-33', '自动添加选项A的内容-33', '自动添加选项B的内容-33', '自动添加选项C的内容-33', '自动添加选项D的内容-33', 'D', '软件工程题目自动添加-的解析-33', '2021-02-22 08:47:33', 10);
INSERT INTO `question_choice` VALUES ('15632d144a3e4a0fa34', '30c2a810-2b9a-4', '5bee7847-5c87-4', '05ad6e1c-b8de-4', 'ef4eef5257ac4ea79f27,ef4eef5257ac4ea79f54,ef4eef5257ac4ea79f6,ef4eef5257ac4ea79f13,ef4eef5257ac4ea79f0', '软件工程题目自动添加-内容-34', '自动添加选项A的内容-34', '自动添加选项B的内容-34', '自动添加选项C的内容-34', '自动添加选项D的内容-34', 'D', '软件工程题目自动添加-的解析-34', '2021-02-22 08:47:34', 10);
INSERT INTO `question_choice` VALUES ('15632d144a3e4a0fa35', '30c2a810-2b9a-4', '5bee7847-5c87-4', '05ad6e1c-b8de-4', 'ef4eef5257ac4ea79f6,ef4eef5257ac4ea79f1,ef4eef5257ac4ea79f24,ef4eef5257ac4ea79f25,ef4eef5257ac4ea79f35', '软件工程题目自动添加-内容-35', '自动添加选项A的内容-35', '自动添加选项B的内容-35', '自动添加选项C的内容-35', '自动添加选项D的内容-35', 'D', '软件工程题目自动添加-的解析-35', '2021-02-22 08:47:35', 10);
INSERT INTO `question_choice` VALUES ('15632d144a3e4a0fa36', '30c2a810-2b9a-4', '5bee7847-5c87-4', '05ad6e1c-b8de-4', 'ef4eef5257ac4ea79f9,ef4eef5257ac4ea79f2,ef4eef5257ac4ea79f4,ef4eef5257ac4ea79f21,ef4eef5257ac4ea79f23', '软件工程题目自动添加-内容-36', '自动添加选项A的内容-36', '自动添加选项B的内容-36', '自动添加选项C的内容-36', '自动添加选项D的内容-36', 'B', '软件工程题目自动添加-的解析-36', '2021-02-22 08:47:36', 10);
INSERT INTO `question_choice` VALUES ('15632d144a3e4a0fa37', '30c2a810-2b9a-4', '5bee7847-5c87-4', '05ad6e1c-b8de-4', 'ef4eef5257ac4ea79f17,ef4eef5257ac4ea79f45,ef4eef5257ac4ea79f34,ef4eef5257ac4ea79f12,ef4eef5257ac4ea79f17', '软件工程题目自动添加-内容-37', '自动添加选项A的内容-37', '自动添加选项B的内容-37', '自动添加选项C的内容-37', '自动添加选项D的内容-37', 'C', '软件工程题目自动添加-的解析-37', '2021-02-22 08:47:37', 10);
INSERT INTO `question_choice` VALUES ('15632d144a3e4a0fa38', '30c2a810-2b9a-4', '5bee7847-5c87-4', '05ad6e1c-b8de-4', 'ef4eef5257ac4ea79f24,ef4eef5257ac4ea79f27,ef4eef5257ac4ea79f0,ef4eef5257ac4ea79f32,ef4eef5257ac4ea79f13', '软件工程题目自动添加-内容-38', '自动添加选项A的内容-38', '自动添加选项B的内容-38', '自动添加选项C的内容-38', '自动添加选项D的内容-38', 'A', '软件工程题目自动添加-的解析-38', '2021-02-22 08:47:38', 10);
INSERT INTO `question_choice` VALUES ('15632d144a3e4a0fa39', '30c2a810-2b9a-4', '5bee7847-5c87-4', '05ad6e1c-b8de-4', 'ef4eef5257ac4ea79f35,ef4eef5257ac4ea79f2,ef4eef5257ac4ea79f29,ef4eef5257ac4ea79f24,ef4eef5257ac4ea79f32', '软件工程题目自动添加-内容-39', '自动添加选项A的内容-39', '自动添加选项B的内容-39', '自动添加选项C的内容-39', '自动添加选项D的内容-39', 'D', '软件工程题目自动添加-的解析-39', '2021-02-22 08:47:39', 10);
INSERT INTO `question_choice` VALUES ('15632d144a3e4a0fa40', '30c2a810-2b9a-4', '5bee7847-5c87-4', '05ad6e1c-b8de-4', 'ef4eef5257ac4ea79f18,ef4eef5257ac4ea79f10,ef4eef5257ac4ea79f18,ef4eef5257ac4ea79f43,ef4eef5257ac4ea79f24', '软件工程题目自动添加-内容-40', '自动添加选项A的内容-40', '自动添加选项B的内容-40', '自动添加选项C的内容-40', '自动添加选项D的内容-40', 'B', '软件工程题目自动添加-的解析-40', '2021-02-22 08:47:40', 10);
INSERT INTO `question_choice` VALUES ('15632d144a3e4a0fa41', '30c2a810-2b9a-4', '5bee7847-5c87-4', '05ad6e1c-b8de-4', 'ef4eef5257ac4ea79f0,ef4eef5257ac4ea79f11,ef4eef5257ac4ea79f39,ef4eef5257ac4ea79f38,ef4eef5257ac4ea79f12', '软件工程题目自动添加-内容-41', '自动添加选项A的内容-41', '自动添加选项B的内容-41', '自动添加选项C的内容-41', '自动添加选项D的内容-41', 'D', '软件工程题目自动添加-的解析-41', '2021-02-22 08:47:41', 10);
INSERT INTO `question_choice` VALUES ('15632d144a3e4a0fa42', '30c2a810-2b9a-4', '5bee7847-5c87-4', '05ad6e1c-b8de-4', 'ef4eef5257ac4ea79f48,ef4eef5257ac4ea79f1,ef4eef5257ac4ea79f11,ef4eef5257ac4ea79f5,ef4eef5257ac4ea79f47', '软件工程题目自动添加-内容-42', '自动添加选项A的内容-42', '自动添加选项B的内容-42', '自动添加选项C的内容-42', '自动添加选项D的内容-42', 'B', '软件工程题目自动添加-的解析-42', '2021-02-22 08:47:42', 10);
INSERT INTO `question_choice` VALUES ('15632d144a3e4a0fa43', '30c2a810-2b9a-4', '5bee7847-5c87-4', '05ad6e1c-b8de-4', 'ef4eef5257ac4ea79f20,ef4eef5257ac4ea79f41,ef4eef5257ac4ea79f56,ef4eef5257ac4ea79f52,ef4eef5257ac4ea79f29', '软件工程题目自动添加-内容-43', '自动添加选项A的内容-43', '自动添加选项B的内容-43', '自动添加选项C的内容-43', '自动添加选项D的内容-43', 'C', '软件工程题目自动添加-的解析-43', '2021-02-22 08:47:43', 10);
INSERT INTO `question_choice` VALUES ('15632d144a3e4a0fa44', '30c2a810-2b9a-4', '5bee7847-5c87-4', '05ad6e1c-b8de-4', 'ef4eef5257ac4ea79f9,ef4eef5257ac4ea79f36,ef4eef5257ac4ea79f8,ef4eef5257ac4ea79f44,ef4eef5257ac4ea79f43', '软件工程题目自动添加-内容-44', '自动添加选项A的内容-44', '自动添加选项B的内容-44', '自动添加选项C的内容-44', '自动添加选项D的内容-44', 'C', '软件工程题目自动添加-的解析-44', '2021-02-22 08:47:44', 10);
INSERT INTO `question_choice` VALUES ('15632d144a3e4a0fa45', '30c2a810-2b9a-4', '5bee7847-5c87-4', '05ad6e1c-b8de-4', 'ef4eef5257ac4ea79f29,ef4eef5257ac4ea79f32,ef4eef5257ac4ea79f44,ef4eef5257ac4ea79f50,ef4eef5257ac4ea79f28', '软件工程题目自动添加-内容-45', '自动添加选项A的内容-45', '自动添加选项B的内容-45', '自动添加选项C的内容-45', '自动添加选项D的内容-45', 'A', '软件工程题目自动添加-的解析-45', '2021-02-22 08:47:45', 10);
INSERT INTO `question_choice` VALUES ('15632d144a3e4a0fa46', '30c2a810-2b9a-4', '5bee7847-5c87-4', '05ad6e1c-b8de-4', 'ef4eef5257ac4ea79f24,ef4eef5257ac4ea79f39,ef4eef5257ac4ea79f3,ef4eef5257ac4ea79f10,ef4eef5257ac4ea79f43', '软件工程题目自动添加-内容-46', '自动添加选项A的内容-46', '自动添加选项B的内容-46', '自动添加选项C的内容-46', '自动添加选项D的内容-46', 'D', '软件工程题目自动添加-的解析-46', '2021-02-22 08:47:46', 10);
INSERT INTO `question_choice` VALUES ('15632d144a3e4a0fa47', '30c2a810-2b9a-4', '5bee7847-5c87-4', '05ad6e1c-b8de-4', 'ef4eef5257ac4ea79f37,ef4eef5257ac4ea79f9,ef4eef5257ac4ea79f7,ef4eef5257ac4ea79f51,ef4eef5257ac4ea79f36', '软件工程题目自动添加-内容-47', '自动添加选项A的内容-47', '自动添加选项B的内容-47', '自动添加选项C的内容-47', '自动添加选项D的内容-47', 'D', '软件工程题目自动添加-的解析-47', '2021-02-22 08:47:47', 10);
INSERT INTO `question_choice` VALUES ('15632d144a3e4a0fa48', '30c2a810-2b9a-4', '5bee7847-5c87-4', '05ad6e1c-b8de-4', 'ef4eef5257ac4ea79f54,ef4eef5257ac4ea79f6,ef4eef5257ac4ea79f43,ef4eef5257ac4ea79f56,ef4eef5257ac4ea79f4', '软件工程题目自动添加-内容-48', '自动添加选项A的内容-48', '自动添加选项B的内容-48', '自动添加选项C的内容-48', '自动添加选项D的内容-48', 'A', '软件工程题目自动添加-的解析-48', '2021-02-22 08:47:48', 10);
INSERT INTO `question_choice` VALUES ('15632d144a3e4a0fa49', '30c2a810-2b9a-4', '5bee7847-5c87-4', '05ad6e1c-b8de-4', 'ef4eef5257ac4ea79f33,ef4eef5257ac4ea79f0,ef4eef5257ac4ea79f29,ef4eef5257ac4ea79f17,ef4eef5257ac4ea79f22', '软件工程题目自动添加-内容-49', '自动添加选项A的内容-49', '自动添加选项B的内容-49', '自动添加选项C的内容-49', '自动添加选项D的内容-49', 'A', '软件工程题目自动添加-的解析-49', '2021-02-22 08:47:49', 10);
INSERT INTO `question_choice` VALUES ('15632d144a3e4a0fa50', '30c2a810-2b9a-4', '5bee7847-5c87-4', '05ad6e1c-b8de-4', 'ef4eef5257ac4ea79f43,ef4eef5257ac4ea79f5,ef4eef5257ac4ea79f11,ef4eef5257ac4ea79f22,ef4eef5257ac4ea79f32', '软件工程题目自动添加-内容-50', '自动添加选项A的内容-50', '自动添加选项B的内容-50', '自动添加选项C的内容-50', '自动添加选项D的内容-50', 'A', '软件工程题目自动添加-的解析-50', '2021-02-22 08:47:50', 10);
INSERT INTO `question_choice` VALUES ('15632d144a3e4a0fa51', '30c2a810-2b9a-4', '5bee7847-5c87-4', '05ad6e1c-b8de-4', 'ef4eef5257ac4ea79f21,ef4eef5257ac4ea79f41,ef4eef5257ac4ea79f25,ef4eef5257ac4ea79f12,ef4eef5257ac4ea79f19', '软件工程题目自动添加-内容-51', '自动添加选项A的内容-51', '自动添加选项B的内容-51', '自动添加选项C的内容-51', '自动添加选项D的内容-51', 'D', '软件工程题目自动添加-的解析-51', '2021-02-22 08:47:51', 10);
INSERT INTO `question_choice` VALUES ('15632d144a3e4a0fa52', '30c2a810-2b9a-4', '5bee7847-5c87-4', '05ad6e1c-b8de-4', 'ef4eef5257ac4ea79f3,ef4eef5257ac4ea79f56,ef4eef5257ac4ea79f2,ef4eef5257ac4ea79f15,ef4eef5257ac4ea79f26', '软件工程题目自动添加-内容-52', '自动添加选项A的内容-52', '自动添加选项B的内容-52', '自动添加选项C的内容-52', '自动添加选项D的内容-52', 'D', '软件工程题目自动添加-的解析-52', '2021-02-22 08:47:52', 10);
INSERT INTO `question_choice` VALUES ('15632d144a3e4a0fa53', '30c2a810-2b9a-4', '5bee7847-5c87-4', '05ad6e1c-b8de-4', 'ef4eef5257ac4ea79f32,ef4eef5257ac4ea79f23,ef4eef5257ac4ea79f55,ef4eef5257ac4ea79f48,ef4eef5257ac4ea79f1', '软件工程题目自动添加-内容-53', '自动添加选项A的内容-53', '自动添加选项B的内容-53', '自动添加选项C的内容-53', '自动添加选项D的内容-53', 'C', '软件工程题目自动添加-的解析-53', '2021-02-22 08:47:53', 10);
INSERT INTO `question_choice` VALUES ('15632d144a3e4a0fa54', '30c2a810-2b9a-4', '5bee7847-5c87-4', '05ad6e1c-b8de-4', 'ef4eef5257ac4ea79f40,ef4eef5257ac4ea79f8,ef4eef5257ac4ea79f1,ef4eef5257ac4ea79f12,ef4eef5257ac4ea79f12', '软件工程题目自动添加-内容-54', '自动添加选项A的内容-54', '自动添加选项B的内容-54', '自动添加选项C的内容-54', '自动添加选项D的内容-54', 'D', '软件工程题目自动添加-的解析-54', '2021-02-22 08:47:54', 10);
INSERT INTO `question_choice` VALUES ('15632d144a3e4a0fa55', '30c2a810-2b9a-4', '5bee7847-5c87-4', '05ad6e1c-b8de-4', 'ef4eef5257ac4ea79f55,ef4eef5257ac4ea79f50,ef4eef5257ac4ea79f20,ef4eef5257ac4ea79f4,ef4eef5257ac4ea79f0', '软件工程题目自动添加-内容-55', '自动添加选项A的内容-55', '自动添加选项B的内容-55', '自动添加选项C的内容-55', '自动添加选项D的内容-55', 'B', '软件工程题目自动添加-的解析-55', '2021-02-22 08:47:55', 10);
INSERT INTO `question_choice` VALUES ('15632d144a3e4a0fa56', '30c2a810-2b9a-4', '5bee7847-5c87-4', '05ad6e1c-b8de-4', 'ef4eef5257ac4ea79f0,ef4eef5257ac4ea79f30,ef4eef5257ac4ea79f3,ef4eef5257ac4ea79f38,ef4eef5257ac4ea79f11', '软件工程题目自动添加-内容-56', '自动添加选项A的内容-56', '自动添加选项B的内容-56', '自动添加选项C的内容-56', '自动添加选项D的内容-56', 'D', '软件工程题目自动添加-的解析-56', '2021-02-22 08:47:56', 10);
INSERT INTO `question_choice` VALUES ('15632d144a3e4a0fa57', '30c2a810-2b9a-4', '5bee7847-5c87-4', '05ad6e1c-b8de-4', 'ef4eef5257ac4ea79f34,ef4eef5257ac4ea79f11,ef4eef5257ac4ea79f24,ef4eef5257ac4ea79f54,ef4eef5257ac4ea79f4', '软件工程题目自动添加-内容-57', '自动添加选项A的内容-57', '自动添加选项B的内容-57', '自动添加选项C的内容-57', '自动添加选项D的内容-57', 'A', '软件工程题目自动添加-的解析-57', '2021-02-22 08:47:57', 10);
INSERT INTO `question_choice` VALUES ('15632d144a3e4a0fa58', '30c2a810-2b9a-4', '5bee7847-5c87-4', '05ad6e1c-b8de-4', 'ef4eef5257ac4ea79f1,ef4eef5257ac4ea79f27,ef4eef5257ac4ea79f14,ef4eef5257ac4ea79f52,ef4eef5257ac4ea79f33', '软件工程题目自动添加-内容-58', '自动添加选项A的内容-58', '自动添加选项B的内容-58', '自动添加选项C的内容-58', '自动添加选项D的内容-58', 'B', '软件工程题目自动添加-的解析-58', '2021-02-22 08:47:58', 10);
INSERT INTO `question_choice` VALUES ('15632d144a3e4a0fa59', '30c2a810-2b9a-4', '5bee7847-5c87-4', '05ad6e1c-b8de-4', 'ef4eef5257ac4ea79f12,ef4eef5257ac4ea79f56,ef4eef5257ac4ea79f29,ef4eef5257ac4ea79f19,ef4eef5257ac4ea79f35', '软件工程题目自动添加-内容-59', '自动添加选项A的内容-59', '自动添加选项B的内容-59', '自动添加选项C的内容-59', '自动添加选项D的内容-59', 'C', '软件工程题目自动添加-的解析-59', '2021-02-22 08:47:59', 10);
INSERT INTO `question_choice` VALUES ('15632d144a3e4a0fb10', 'e74e7450-c280-4', '0b7ac75bc6844b1f84', '87e7a849-3085-4', '96194391ce8f410bba27,96194391ce8f410bba33,96194391ce8f410bba19', 'javaWeb题目自动添加-内容-10', '自动添加选项A的内容-10', '自动添加选项B的内容-10', '自动添加选项C的内容-10', '自动添加选项D的内容-10', 'B', 'javaweb题目自动添加-的解析-10', '2021-03-10 10:22:10', 9);
INSERT INTO `question_choice` VALUES ('15632d144a3e4a0fb11', 'e74e7450-c280-4', '0b7ac75bc6844b1f84', '87e7a849-3085-4', '96194391ce8f410bba24,96194391ce8f410bba10,96194391ce8f410bba45', 'javaWeb题目自动添加-内容-11', '自动添加选项A的内容-11', '自动添加选项B的内容-11', '自动添加选项C的内容-11', '自动添加选项D的内容-11', 'A', 'javaweb题目自动添加-的解析-11', '2021-03-10 10:22:11', 5);
INSERT INTO `question_choice` VALUES ('15632d144a3e4a0fb12', 'e74e7450-c280-4', '0b7ac75bc6844b1f84', '87e7a849-3085-4', '96194391ce8f410bba33,96194391ce8f410bba46,96194391ce8f410bba20', 'javaWeb题目自动添加-内容-12', '自动添加选项A的内容-12', '自动添加选项B的内容-12', '自动添加选项C的内容-12', '自动添加选项D的内容-12', 'B', 'javaweb题目自动添加-的解析-12', '2021-03-10 10:22:12', 0);
INSERT INTO `question_choice` VALUES ('15632d144a3e4a0fb13', 'e74e7450-c280-4', '0b7ac75bc6844b1f84', '87e7a849-3085-4', '96194391ce8f410bba42,96194391ce8f410bba46,96194391ce8f410bba40', 'javaWeb题目自动添加-内容-13', '自动添加选项A的内容-13', '自动添加选项B的内容-13', '自动添加选项C的内容-13', '自动添加选项D的内容-13', 'D', 'javaweb题目自动添加-的解析-13', '2021-03-10 10:22:13', 0);
INSERT INTO `question_choice` VALUES ('15632d144a3e4a0fb14', 'e74e7450-c280-4', '0b7ac75bc6844b1f84', '87e7a849-3085-4', '96194391ce8f410bba24,96194391ce8f410bba43,96194391ce8f410bba45', 'javaWeb题目自动添加-内容-14', '自动添加选项A的内容-14', '自动添加选项B的内容-14', '自动添加选项C的内容-14', '自动添加选项D的内容-14', 'A', 'javaweb题目自动添加-的解析-14', '2021-03-10 10:22:14', 0);
INSERT INTO `question_choice` VALUES ('15632d144a3e4a0fb15', 'e74e7450-c280-4', '0b7ac75bc6844b1f84', '87e7a849-3085-4', '96194391ce8f410bba19,96194391ce8f410bba22,96194391ce8f410bba32', 'javaWeb题目自动添加-内容-15', '自动添加选项A的内容-15', '自动添加选项B的内容-15', '自动添加选项C的内容-15', '自动添加选项D的内容-15', 'B', 'javaweb题目自动添加-的解析-15', '2021-03-10 10:22:15', 2);
INSERT INTO `question_choice` VALUES ('15632d144a3e4a0fb16', 'e74e7450-c280-4', '0b7ac75bc6844b1f84', '87e7a849-3085-4', '96194391ce8f410bba40,96194391ce8f410bba28,96194391ce8f410bba10', 'javaWeb题目自动添加-内容-16', '自动添加选项A的内容-16', '自动添加选项B的内容-16', '自动添加选项C的内容-16', '自动添加选项D的内容-16', 'D', 'javaweb题目自动添加-的解析-16', '2021-03-10 10:22:16', 0);
INSERT INTO `question_choice` VALUES ('15632d144a3e4a0fb17', 'e74e7450-c280-4', '0b7ac75bc6844b1f84', '87e7a849-3085-4', '96194391ce8f410bba33,96194391ce8f410bba35,96194391ce8f410bba38', 'javaWeb题目自动添加-内容-17', '自动添加选项A的内容-17', '自动添加选项B的内容-17', '自动添加选项C的内容-17', '自动添加选项D的内容-17', 'A', 'javaweb题目自动添加-的解析-17', '2021-03-10 10:22:17', 8);
INSERT INTO `question_choice` VALUES ('15632d144a3e4a0fb18', 'e74e7450-c280-4', '0b7ac75bc6844b1f84', '87e7a849-3085-4', '96194391ce8f410bba43,96194391ce8f410bba41,96194391ce8f410bba24', 'javaWeb题目自动添加-内容-18', '自动添加选项A的内容-18', '自动添加选项B的内容-18', '自动添加选项C的内容-18', '自动添加选项D的内容-18', 'A', 'javaweb题目自动添加-的解析-18', '2021-03-10 10:22:18', 4);
INSERT INTO `question_choice` VALUES ('15632d144a3e4a0fb19', 'e74e7450-c280-4', '0b7ac75bc6844b1f84', '87e7a849-3085-4', '96194391ce8f410bba41,96194391ce8f410bba15,96194391ce8f410bba31', 'javaWeb题目自动添加-内容-19', '自动添加选项A的内容-19', '自动添加选项B的内容-19', '自动添加选项C的内容-19', '自动添加选项D的内容-19', 'D', 'javaweb题目自动添加-的解析-19', '2021-03-10 10:22:19', 1);
INSERT INTO `question_choice` VALUES ('15632d144a3e4a0fb20', 'e74e7450-c280-4', '0b7ac75bc6844b1f84', '87e7a849-3085-4', '96194391ce8f410bba42,96194391ce8f410bba43,96194391ce8f410bba49', 'javaWeb题目自动添加-内容-20', '自动添加选项A的内容-20', '自动添加选项B的内容-20', '自动添加选项C的内容-20', '自动添加选项D的内容-20', 'C', 'javaweb题目自动添加-的解析-20', '2021-03-10 10:22:20', 4);
INSERT INTO `question_choice` VALUES ('15632d144a3e4a0fb21', 'e74e7450-c280-4', '0b7ac75bc6844b1f84', '87e7a849-3085-4', '96194391ce8f410bba46,96194391ce8f410bba38,96194391ce8f410bba42', 'javaWeb题目自动添加-内容-21', '自动添加选项A的内容-21', '自动添加选项B的内容-21', '自动添加选项C的内容-21', '自动添加选项D的内容-21', 'C', 'javaweb题目自动添加-的解析-21', '2021-03-10 10:22:21', 2);
INSERT INTO `question_choice` VALUES ('15632d144a3e4a0fb22', 'e74e7450-c280-4', '0b7ac75bc6844b1f84', '87e7a849-3085-4', '96194391ce8f410bba48,96194391ce8f410bba50,96194391ce8f410bba40', 'javaWeb题目自动添加-内容-22', '自动添加选项A的内容-22', '自动添加选项B的内容-22', '自动添加选项C的内容-22', '自动添加选项D的内容-22', 'C', 'javaweb题目自动添加-的解析-22', '2021-03-10 10:22:22', 5);
INSERT INTO `question_choice` VALUES ('15632d144a3e4a0fb23', 'e74e7450-c280-4', '0b7ac75bc6844b1f84', '87e7a849-3085-4', '96194391ce8f410bba42,96194391ce8f410bba37,96194391ce8f410bba19', 'javaWeb题目自动添加-内容-23', '自动添加选项A的内容-23', '自动添加选项B的内容-23', '自动添加选项C的内容-23', '自动添加选项D的内容-23', 'A', 'javaweb题目自动添加-的解析-23', '2021-03-10 10:22:23', 9);
INSERT INTO `question_choice` VALUES ('15632d144a3e4a0fb24', 'e74e7450-c280-4', '0b7ac75bc6844b1f84', '87e7a849-3085-4', '96194391ce8f410bba12,96194391ce8f410bba46,96194391ce8f410bba18', 'javaWeb题目自动添加-内容-24', '自动添加选项A的内容-24', '自动添加选项B的内容-24', '自动添加选项C的内容-24', '自动添加选项D的内容-24', 'D', 'javaweb题目自动添加-的解析-24', '2021-03-10 10:22:24', 8);
INSERT INTO `question_choice` VALUES ('15632d144a3e4a0fb25', 'e74e7450-c280-4', '0b7ac75bc6844b1f84', '87e7a849-3085-4', '96194391ce8f410bba41,96194391ce8f410bba14,96194391ce8f410bba50', 'javaWeb题目自动添加-内容-25', '自动添加选项A的内容-25', '自动添加选项B的内容-25', '自动添加选项C的内容-25', '自动添加选项D的内容-25', 'A', 'javaweb题目自动添加-的解析-25', '2021-03-10 10:22:25', 0);
INSERT INTO `question_choice` VALUES ('15632d144a3e4a0fb26', 'e74e7450-c280-4', '0b7ac75bc6844b1f84', '87e7a849-3085-4', '96194391ce8f410bba16,96194391ce8f410bba48,96194391ce8f410bba45', 'javaWeb题目自动添加-内容-26', '自动添加选项A的内容-26', '自动添加选项B的内容-26', '自动添加选项C的内容-26', '自动添加选项D的内容-26', 'A', 'javaweb题目自动添加-的解析-26', '2021-03-10 10:22:26', 5);
INSERT INTO `question_choice` VALUES ('15632d144a3e4a0fb27', 'e74e7450-c280-4', '0b7ac75bc6844b1f84', '87e7a849-3085-4', '96194391ce8f410bba48,96194391ce8f410bba42,96194391ce8f410bba17', 'javaWeb题目自动添加-内容-27', '自动添加选项A的内容-27', '自动添加选项B的内容-27', '自动添加选项C的内容-27', '自动添加选项D的内容-27', 'A', 'javaweb题目自动添加-的解析-27', '2021-03-10 10:22:27', 7);
INSERT INTO `question_choice` VALUES ('15632d144a3e4a0fb28', 'e74e7450-c280-4', '0b7ac75bc6844b1f84', '87e7a849-3085-4', '96194391ce8f410bba37,96194391ce8f410bba49,96194391ce8f410bba25', 'javaWeb题目自动添加-内容-28', '自动添加选项A的内容-28', '自动添加选项B的内容-28', '自动添加选项C的内容-28', '自动添加选项D的内容-28', 'A', 'javaweb题目自动添加-的解析-28', '2021-03-10 10:22:28', 5);
INSERT INTO `question_choice` VALUES ('15632d144a3e4a0fb29', 'e74e7450-c280-4', '0b7ac75bc6844b1f84', '87e7a849-3085-4', '96194391ce8f410bba30,96194391ce8f410bba44,96194391ce8f410bba21', 'javaWeb题目自动添加-内容-29', '自动添加选项A的内容-29', '自动添加选项B的内容-29', '自动添加选项C的内容-29', '自动添加选项D的内容-29', 'D', 'javaweb题目自动添加-的解析-29', '2021-03-10 10:22:29', 1);
INSERT INTO `question_choice` VALUES ('15632d144a3e4a0fb30', 'e74e7450-c280-4', '0b7ac75bc6844b1f84', '87e7a849-3085-4', '96194391ce8f410bba18,96194391ce8f410bba42,96194391ce8f410bba32', 'javaWeb题目自动添加-内容-30', '自动添加选项A的内容-30', '自动添加选项B的内容-30', '自动添加选项C的内容-30', '自动添加选项D的内容-30', 'A', 'javaweb题目自动添加-的解析-30', '2021-03-10 10:22:30', 2);
INSERT INTO `question_choice` VALUES ('15632d144a3e4a0fb31', 'e74e7450-c280-4', '0b7ac75bc6844b1f84', '87e7a849-3085-4', '96194391ce8f410bba32,96194391ce8f410bba28,96194391ce8f410bba35', 'javaWeb题目自动添加-内容-31', '自动添加选项A的内容-31', '自动添加选项B的内容-31', '自动添加选项C的内容-31', '自动添加选项D的内容-31', 'A', 'javaweb题目自动添加-的解析-31', '2021-03-10 10:22:31', 5);
INSERT INTO `question_choice` VALUES ('15632d144a3e4a0fb32', 'e74e7450-c280-4', '0b7ac75bc6844b1f84', '87e7a849-3085-4', '96194391ce8f410bba23,96194391ce8f410bba41,96194391ce8f410bba29', 'javaWeb题目自动添加-内容-32', '自动添加选项A的内容-32', '自动添加选项B的内容-32', '自动添加选项C的内容-32', '自动添加选项D的内容-32', 'A', 'javaweb题目自动添加-的解析-32', '2021-03-10 10:22:32', 9);
INSERT INTO `question_choice` VALUES ('15632d144a3e4a0fb33', 'e74e7450-c280-4', '0b7ac75bc6844b1f84', '87e7a849-3085-4', '96194391ce8f410bba42,96194391ce8f410bba53,96194391ce8f410bba45', 'javaWeb题目自动添加-内容-33', '自动添加选项A的内容-33', '自动添加选项B的内容-33', '自动添加选项C的内容-33', '自动添加选项D的内容-33', 'B', 'javaweb题目自动添加-的解析-33', '2021-03-10 10:22:33', 0);
INSERT INTO `question_choice` VALUES ('15632d144a3e4a0fb34', 'e74e7450-c280-4', '0b7ac75bc6844b1f84', '87e7a849-3085-4', '96194391ce8f410bba47,96194391ce8f410bba44,96194391ce8f410bba47', 'javaWeb题目自动添加-内容-34', '自动添加选项A的内容-34', '自动添加选项B的内容-34', '自动添加选项C的内容-34', '自动添加选项D的内容-34', 'C', 'javaweb题目自动添加-的解析-34', '2021-03-10 10:22:34', 2);
INSERT INTO `question_choice` VALUES ('15632d144a3e4a0fb35', 'e74e7450-c280-4', '0b7ac75bc6844b1f84', '87e7a849-3085-4', '96194391ce8f410bba45,96194391ce8f410bba44,96194391ce8f410bba42', 'javaWeb题目自动添加-内容-35', '自动添加选项A的内容-35', '自动添加选项B的内容-35', '自动添加选项C的内容-35', '自动添加选项D的内容-35', 'B', 'javaweb题目自动添加-的解析-35', '2021-03-10 10:22:35', 2);
INSERT INTO `question_choice` VALUES ('15632d144a3e4a0fb36', 'e74e7450-c280-4', '0b7ac75bc6844b1f84', '87e7a849-3085-4', '96194391ce8f410bba25,96194391ce8f410bba14,96194391ce8f410bba33', 'javaWeb题目自动添加-内容-36', '自动添加选项A的内容-36', '自动添加选项B的内容-36', '自动添加选项C的内容-36', '自动添加选项D的内容-36', 'C', 'javaweb题目自动添加-的解析-36', '2021-03-10 10:22:36', 3);
INSERT INTO `question_choice` VALUES ('15632d144a3e4a0fb37', 'e74e7450-c280-4', '0b7ac75bc6844b1f84', '87e7a849-3085-4', '96194391ce8f410bba38,96194391ce8f410bba35,96194391ce8f410bba40', 'javaWeb题目自动添加-内容-37', '自动添加选项A的内容-37', '自动添加选项B的内容-37', '自动添加选项C的内容-37', '自动添加选项D的内容-37', 'A', 'javaweb题目自动添加-的解析-37', '2021-03-10 10:22:37', 0);
INSERT INTO `question_choice` VALUES ('15632d144a3e4a0fb38', 'e74e7450-c280-4', '0b7ac75bc6844b1f84', '87e7a849-3085-4', '96194391ce8f410bba30,96194391ce8f410bba18,96194391ce8f410bba24', 'javaWeb题目自动添加-内容-38', '自动添加选项A的内容-38', '自动添加选项B的内容-38', '自动添加选项C的内容-38', '自动添加选项D的内容-38', 'D', 'javaweb题目自动添加-的解析-38', '2021-03-10 10:22:38', 9);
INSERT INTO `question_choice` VALUES ('15632d144a3e4a0fb39', 'e74e7450-c280-4', '0b7ac75bc6844b1f84', '87e7a849-3085-4', '96194391ce8f410bba12,96194391ce8f410bba41,96194391ce8f410bba24', 'javaWeb题目自动添加-内容-39', '自动添加选项A的内容-39', '自动添加选项B的内容-39', '自动添加选项C的内容-39', '自动添加选项D的内容-39', 'D', 'javaweb题目自动添加-的解析-39', '2021-03-10 10:22:39', 4);
INSERT INTO `question_choice` VALUES ('15632d144a3e4a0fb40', 'e74e7450-c280-4', '0b7ac75bc6844b1f84', '87e7a849-3085-4', '96194391ce8f410bba40,96194391ce8f410bba45,96194391ce8f410bba11', 'javaWeb题目自动添加-内容-40', '自动添加选项A的内容-40', '自动添加选项B的内容-40', '自动添加选项C的内容-40', '自动添加选项D的内容-40', 'C', 'javaweb题目自动添加-的解析-40', '2021-03-10 10:22:40', 1);
INSERT INTO `question_choice` VALUES ('15632d144a3e4a0fb41', 'e74e7450-c280-4', '0b7ac75bc6844b1f84', '87e7a849-3085-4', '96194391ce8f410bba44,96194391ce8f410bba41,96194391ce8f410bba11', 'javaWeb题目自动添加-内容-41', '自动添加选项A的内容-41', '自动添加选项B的内容-41', '自动添加选项C的内容-41', '自动添加选项D的内容-41', 'D', 'javaweb题目自动添加-的解析-41', '2021-03-10 10:22:41', 1);
INSERT INTO `question_choice` VALUES ('15632d144a3e4a0fb42', 'e74e7450-c280-4', '0b7ac75bc6844b1f84', '87e7a849-3085-4', '96194391ce8f410bba30,96194391ce8f410bba29,96194391ce8f410bba17', 'javaWeb题目自动添加-内容-42', '自动添加选项A的内容-42', '自动添加选项B的内容-42', '自动添加选项C的内容-42', '自动添加选项D的内容-42', 'C', 'javaweb题目自动添加-的解析-42', '2021-03-10 10:22:42', 2);
INSERT INTO `question_choice` VALUES ('15632d144a3e4a0fb43', 'e74e7450-c280-4', '0b7ac75bc6844b1f84', '87e7a849-3085-4', '96194391ce8f410bba40,96194391ce8f410bba44,96194391ce8f410bba26', 'javaWeb题目自动添加-内容-43', '自动添加选项A的内容-43', '自动添加选项B的内容-43', '自动添加选项C的内容-43', '自动添加选项D的内容-43', 'A', 'javaweb题目自动添加-的解析-43', '2021-03-10 10:22:43', 6);
INSERT INTO `question_choice` VALUES ('15632d144a3e4a0fb44', 'e74e7450-c280-4', '0b7ac75bc6844b1f84', '87e7a849-3085-4', '96194391ce8f410bba45,96194391ce8f410bba49,96194391ce8f410bba20', 'javaWeb题目自动添加-内容-44', '自动添加选项A的内容-44', '自动添加选项B的内容-44', '自动添加选项C的内容-44', '自动添加选项D的内容-44', 'D', 'javaweb题目自动添加-的解析-44', '2021-03-10 10:22:44', 0);
INSERT INTO `question_choice` VALUES ('15632d144a3e4a0fb45', 'e74e7450-c280-4', '0b7ac75bc6844b1f84', '87e7a849-3085-4', '96194391ce8f410bba23,96194391ce8f410bba10,96194391ce8f410bba49', 'javaWeb题目自动添加-内容-45', '自动添加选项A的内容-45', '自动添加选项B的内容-45', '自动添加选项C的内容-45', '自动添加选项D的内容-45', 'B', 'javaweb题目自动添加-的解析-45', '2021-03-10 10:22:45', 9);
INSERT INTO `question_choice` VALUES ('15632d144a3e4a0fb46', 'e74e7450-c280-4', '0b7ac75bc6844b1f84', '87e7a849-3085-4', '96194391ce8f410bba46,96194391ce8f410bba34,96194391ce8f410bba54', 'javaWeb题目自动添加-内容-46', '自动添加选项A的内容-46', '自动添加选项B的内容-46', '自动添加选项C的内容-46', '自动添加选项D的内容-46', 'B', 'javaweb题目自动添加-的解析-46', '2021-03-10 10:22:46', 4);
INSERT INTO `question_choice` VALUES ('15632d144a3e4a0fb47', 'e74e7450-c280-4', '0b7ac75bc6844b1f84', '87e7a849-3085-4', '96194391ce8f410bba34,96194391ce8f410bba15,96194391ce8f410bba28', 'javaWeb题目自动添加-内容-47', '自动添加选项A的内容-47', '自动添加选项B的内容-47', '自动添加选项C的内容-47', '自动添加选项D的内容-47', 'B', 'javaweb题目自动添加-的解析-47', '2021-03-10 10:22:47', 8);
INSERT INTO `question_choice` VALUES ('15632d144a3e4a0fb48', 'e74e7450-c280-4', '0b7ac75bc6844b1f84', '87e7a849-3085-4', '96194391ce8f410bba11,96194391ce8f410bba29,96194391ce8f410bba43', 'javaWeb题目自动添加-内容-48', '自动添加选项A的内容-48', '自动添加选项B的内容-48', '自动添加选项C的内容-48', '自动添加选项D的内容-48', 'B', 'javaweb题目自动添加-的解析-48', '2021-03-10 10:22:48', 3);
INSERT INTO `question_choice` VALUES ('15632d144a3e4a0fb49', 'e74e7450-c280-4', '0b7ac75bc6844b1f84', '87e7a849-3085-4', '96194391ce8f410bba48,96194391ce8f410bba49,96194391ce8f410bba48', 'javaWeb题目自动添加-内容-49', '自动添加选项A的内容-49', '自动添加选项B的内容-49', '自动添加选项C的内容-49', '自动添加选项D的内容-49', 'B', 'javaweb题目自动添加-的解析-49', '2021-03-10 10:22:49', 3);
INSERT INTO `question_choice` VALUES ('15632d144a3e4a0fb50', 'e74e7450-c280-4', '0b7ac75bc6844b1f84', '87e7a849-3085-4', '96194391ce8f410bba16,96194391ce8f410bba39,96194391ce8f410bba41', 'javaWeb题目自动添加-内容-50', '自动添加选项A的内容-50', '自动添加选项B的内容-50', '自动添加选项C的内容-50', '自动添加选项D的内容-50', 'C', 'javaweb题目自动添加-的解析-50', '2021-03-10 10:22:50', 1);
INSERT INTO `question_choice` VALUES ('15632d144a3e4a0fb51', 'e74e7450-c280-4', '0b7ac75bc6844b1f84', '87e7a849-3085-4', '96194391ce8f410bba46,96194391ce8f410bba12,96194391ce8f410bba38', 'javaWeb题目自动添加-内容-51', '自动添加选项A的内容-51', '自动添加选项B的内容-51', '自动添加选项C的内容-51', '自动添加选项D的内容-51', 'B', 'javaweb题目自动添加-的解析-51', '2021-03-10 10:22:51', 3);
INSERT INTO `question_choice` VALUES ('15632d144a3e4a0fb52', 'e74e7450-c280-4', '0b7ac75bc6844b1f84', '87e7a849-3085-4', '96194391ce8f410bba43,96194391ce8f410bba45,96194391ce8f410bba42', 'javaWeb题目自动添加-内容-52', '自动添加选项A的内容-52', '自动添加选项B的内容-52', '自动添加选项C的内容-52', '自动添加选项D的内容-52', 'C', 'javaweb题目自动添加-的解析-52', '2021-03-10 10:22:52', 2);
INSERT INTO `question_choice` VALUES ('15632d144a3e4a0fb53', 'e74e7450-c280-4', '0b7ac75bc6844b1f84', '87e7a849-3085-4', '96194391ce8f410bba26,96194391ce8f410bba41,96194391ce8f410bba10', 'javaWeb题目自动添加-内容-53', '自动添加选项A的内容-53', '自动添加选项B的内容-53', '自动添加选项C的内容-53', '自动添加选项D的内容-53', 'D', 'javaweb题目自动添加-的解析-53', '2021-03-10 10:22:53', 0);
INSERT INTO `question_choice` VALUES ('15632d144a3e4a0fb54', 'e74e7450-c280-4', '0b7ac75bc6844b1f84', '87e7a849-3085-4', '96194391ce8f410bba43,96194391ce8f410bba49,96194391ce8f410bba11', 'javaWeb题目自动添加-内容-54', '自动添加选项A的内容-54', '自动添加选项B的内容-54', '自动添加选项C的内容-54', '自动添加选项D的内容-54', 'C', 'javaweb题目自动添加-的解析-54', '2021-03-10 10:22:54', 1);
INSERT INTO `question_choice` VALUES ('15632d144a3e4a0fb32', 'b275ad41-274c-4', 'f6f17ca7-cb57-4', '87e7a849-3085-4', '96194391ce8f410bbc42,96194391ce8f410bbc21,96194391ce8f410bbc1', 'springboot题目自动添加-内容-32', '自动添加选项A的内容-32', '自动添加选项B的内容-32', '自动添加选项C的内容-32', '自动添加选项D的内容-32', 'D', 'springboot题目自动添加-的解析-32', '2021-03-10 11:22:32', 1);
INSERT INTO `question_choice` VALUES ('15632d144a3e4a0fb31', 'b275ad41-274c-4', 'f6f17ca7-cb57-4', '87e7a849-3085-4', '96194391ce8f410bbc52,96194391ce8f410bbc31,96194391ce8f410bbc19', 'springboot题目自动添加-内容-31', '自动添加选项A的内容-31', '自动添加选项B的内容-31', '自动添加选项C的内容-31', '自动添加选项D的内容-31', 'A', 'springboot题目自动添加-的解析-31', '2021-03-10 11:22:31', 9);
INSERT INTO `question_choice` VALUES ('15632d144a3e4a0fb30', 'b275ad41-274c-4', 'f6f17ca7-cb57-4', '87e7a849-3085-4', '96194391ce8f410bbc2,96194391ce8f410bbc42,96194391ce8f410bbc50', 'springboot题目自动添加-内容-30', '自动添加选项A的内容-30', '自动添加选项B的内容-30', '自动添加选项C的内容-30', '自动添加选项D的内容-30', 'B', 'springboot题目自动添加-的解析-30', '2021-03-10 11:22:30', 0);
INSERT INTO `question_choice` VALUES ('15632d144a3e4a0fb29', 'b275ad41-274c-4', 'f6f17ca7-cb57-4', '87e7a849-3085-4', '96194391ce8f410bbc56,96194391ce8f410bbc39,96194391ce8f410bbc41', 'springboot题目自动添加-内容-29', '自动添加选项A的内容-29', '自动添加选项B的内容-29', '自动添加选项C的内容-29', '自动添加选项D的内容-29', 'B', 'springboot题目自动添加-的解析-29', '2021-03-10 11:22:29', 1);
INSERT INTO `question_choice` VALUES ('15632d144a3e4a0fb28', 'b275ad41-274c-4', 'f6f17ca7-cb57-4', '87e7a849-3085-4', '96194391ce8f410bbc29,96194391ce8f410bbc19,96194391ce8f410bbc37', 'springboot题目自动添加-内容-28', '自动添加选项A的内容-28', '自动添加选项B的内容-28', '自动添加选项C的内容-28', '自动添加选项D的内容-28', 'C', 'springboot题目自动添加-的解析-28', '2021-03-10 11:22:28', 7);
INSERT INTO `question_choice` VALUES ('15632d144a3e4a0fb27', 'b275ad41-274c-4', 'f6f17ca7-cb57-4', '87e7a849-3085-4', '96194391ce8f410bbc13,96194391ce8f410bbc31,96194391ce8f410bbc21', 'springboot题目自动添加-内容-27', '自动添加选项A的内容-27', '自动添加选项B的内容-27', '自动添加选项C的内容-27', '自动添加选项D的内容-27', 'C', 'springboot题目自动添加-的解析-27', '2021-03-10 11:22:27', 1);
INSERT INTO `question_choice` VALUES ('15632d144a3e4a0fb26', 'b275ad41-274c-4', 'f6f17ca7-cb57-4', '87e7a849-3085-4', '96194391ce8f410bbc57,96194391ce8f410bbc54,96194391ce8f410bbc43', 'springboot题目自动添加-内容-26', '自动添加选项A的内容-26', '自动添加选项B的内容-26', '自动添加选项C的内容-26', '自动添加选项D的内容-26', 'D', 'springboot题目自动添加-的解析-26', '2021-03-10 11:22:26', 3);
INSERT INTO `question_choice` VALUES ('15632d144a3e4a0fb25', 'b275ad41-274c-4', 'f6f17ca7-cb57-4', '87e7a849-3085-4', '96194391ce8f410bbc7,96194391ce8f410bbc52,96194391ce8f410bbc21', 'springboot题目自动添加-内容-25', '自动添加选项A的内容-25', '自动添加选项B的内容-25', '自动添加选项C的内容-25', '自动添加选项D的内容-25', 'B', 'springboot题目自动添加-的解析-25', '2021-03-10 11:22:25', 1);
INSERT INTO `question_choice` VALUES ('15632d144a3e4a0fb24', 'b275ad41-274c-4', 'f6f17ca7-cb57-4', '87e7a849-3085-4', '96194391ce8f410bbc43,96194391ce8f410bbc32,96194391ce8f410bbc46', 'springboot题目自动添加-内容-24', '自动添加选项A的内容-24', '自动添加选项B的内容-24', '自动添加选项C的内容-24', '自动添加选项D的内容-24', 'A', 'springboot题目自动添加-的解析-24', '2021-03-10 11:22:24', 6);
INSERT INTO `question_choice` VALUES ('15632d144a3e4a0fb23', 'b275ad41-274c-4', 'f6f17ca7-cb57-4', '87e7a849-3085-4', '96194391ce8f410bbc3,96194391ce8f410bbc36,96194391ce8f410bbc21', 'springboot题目自动添加-内容-23', '自动添加选项A的内容-23', '自动添加选项B的内容-23', '自动添加选项C的内容-23', '自动添加选项D的内容-23', 'B', 'springboot题目自动添加-的解析-23', '2021-03-10 11:22:23', 1);
INSERT INTO `question_choice` VALUES ('15632d144a3e4a0fb22', 'b275ad41-274c-4', 'f6f17ca7-cb57-4', '87e7a849-3085-4', '96194391ce8f410bbc38,96194391ce8f410bbc49,96194391ce8f410bbc26', 'springboot题目自动添加-内容-22', '自动添加选项A的内容-22', '自动添加选项B的内容-22', '自动添加选项C的内容-22', '自动添加选项D的内容-22', 'C', 'springboot题目自动添加-的解析-22', '2021-03-10 11:22:22', 6);
INSERT INTO `question_choice` VALUES ('15632d144a3e4a0fb21', 'b275ad41-274c-4', 'f6f17ca7-cb57-4', '87e7a849-3085-4', '96194391ce8f410bbc15,96194391ce8f410bbc52,96194391ce8f410bbc10', 'springboot题目自动添加-内容-21', '自动添加选项A的内容-21', '自动添加选项B的内容-21', '自动添加选项C的内容-21', '自动添加选项D的内容-21', 'B', 'springboot题目自动添加-的解析-21', '2021-03-10 11:22:21', 0);
INSERT INTO `question_choice` VALUES ('15632d144a3e4a0fb20', 'b275ad41-274c-4', 'f6f17ca7-cb57-4', '87e7a849-3085-4', '96194391ce8f410bbc6,96194391ce8f410bbc57,96194391ce8f410bbc5', 'springboot题目自动添加-内容-20', '自动添加选项A的内容-20', '自动添加选项B的内容-20', '自动添加选项C的内容-20', '自动添加选项D的内容-20', 'D', 'springboot题目自动添加-的解析-20', '2021-03-10 11:22:20', 5);
INSERT INTO `question_choice` VALUES ('15632d144a3e4a0fb19', 'b275ad41-274c-4', 'f6f17ca7-cb57-4', '87e7a849-3085-4', '96194391ce8f410bbc39,96194391ce8f410bbc50,96194391ce8f410bbc36', 'springboot题目自动添加-内容-19', '自动添加选项A的内容-19', '自动添加选项B的内容-19', '自动添加选项C的内容-19', '自动添加选项D的内容-19', 'D', 'springboot题目自动添加-的解析-19', '2021-03-10 11:22:19', 6);
INSERT INTO `question_choice` VALUES ('15632d144a3e4a0fb18', 'b275ad41-274c-4', 'f6f17ca7-cb57-4', '87e7a849-3085-4', '96194391ce8f410bbc57,96194391ce8f410bbc6,96194391ce8f410bbc53', 'springboot题目自动添加-内容-18', '自动添加选项A的内容-18', '自动添加选项B的内容-18', '自动添加选项C的内容-18', '自动添加选项D的内容-18', 'B', 'springboot题目自动添加-的解析-18', '2021-03-10 11:22:18', 3);
INSERT INTO `question_choice` VALUES ('15632d144a3e4a0fb17', 'b275ad41-274c-4', 'f6f17ca7-cb57-4', '87e7a849-3085-4', '96194391ce8f410bbc50,96194391ce8f410bbc45,96194391ce8f410bbc45', 'springboot题目自动添加-内容-17', '自动添加选项A的内容-17', '自动添加选项B的内容-17', '自动添加选项C的内容-17', '自动添加选项D的内容-17', 'A', 'springboot题目自动添加-的解析-17', '2021-03-10 11:22:17', 5);
INSERT INTO `question_choice` VALUES ('15632d144a3e4a0fb16', 'b275ad41-274c-4', 'f6f17ca7-cb57-4', '87e7a849-3085-4', '96194391ce8f410bbc12,96194391ce8f410bbc30,96194391ce8f410bbc55', 'springboot题目自动添加-内容-16', '自动添加选项A的内容-16', '自动添加选项B的内容-16', '自动添加选项C的内容-16', '自动添加选项D的内容-16', 'D', 'springboot题目自动添加-的解析-16', '2021-03-10 11:22:16', 5);
INSERT INTO `question_choice` VALUES ('15632d144a3e4a0fb15', 'b275ad41-274c-4', 'f6f17ca7-cb57-4', '87e7a849-3085-4', '96194391ce8f410bbc56,96194391ce8f410bbc16,96194391ce8f410bbc54', 'springboot题目自动添加-内容-15', '自动添加选项A的内容-15', '自动添加选项B的内容-15', '自动添加选项C的内容-15', '自动添加选项D的内容-15', 'C', 'springboot题目自动添加-的解析-15', '2021-03-10 11:22:15', 4);
INSERT INTO `question_choice` VALUES ('15632d144a3e4a0fb14', 'b275ad41-274c-4', 'f6f17ca7-cb57-4', '87e7a849-3085-4', '96194391ce8f410bbc53,96194391ce8f410bbc28,96194391ce8f410bbc57', 'springboot题目自动添加-内容-14', '自动添加选项A的内容-14', '自动添加选项B的内容-14', '自动添加选项C的内容-14', '自动添加选项D的内容-14', 'B', 'springboot题目自动添加-的解析-14', '2021-03-10 11:22:14', 7);
INSERT INTO `question_choice` VALUES ('15632d144a3e4a0fb13', 'b275ad41-274c-4', 'f6f17ca7-cb57-4', '87e7a849-3085-4', '96194391ce8f410bbc30,96194391ce8f410bbc49,96194391ce8f410bbc22', 'springboot题目自动添加-内容-13', '自动添加选项A的内容-13', '自动添加选项B的内容-13', '自动添加选项C的内容-13', '自动添加选项D的内容-13', 'C', 'springboot题目自动添加-的解析-13', '2021-03-10 11:22:13', 2);
INSERT INTO `question_choice` VALUES ('15632d144a3e4a0fb12', 'b275ad41-274c-4', 'f6f17ca7-cb57-4', '87e7a849-3085-4', '96194391ce8f410bbc3,96194391ce8f410bbc56,96194391ce8f410bbc37', 'springboot题目自动添加-内容-12', '自动添加选项A的内容-12', '自动添加选项B的内容-12', '自动添加选项C的内容-12', '自动添加选项D的内容-12', 'C', 'springboot题目自动添加-的解析-12', '2021-03-10 11:22:12', 7);
INSERT INTO `question_choice` VALUES ('15632d144a3e4a0fb11', 'b275ad41-274c-4', 'f6f17ca7-cb57-4', '87e7a849-3085-4', '96194391ce8f410bbc56,96194391ce8f410bbc3,96194391ce8f410bbc3', 'springboot题目自动添加-内容-11', '自动添加选项A的内容-11', '自动添加选项B的内容-11', '自动添加选项C的内容-11', '自动添加选项D的内容-11', 'B', 'springboot题目自动添加-的解析-11', '2021-03-10 11:22:11', 3);
INSERT INTO `question_choice` VALUES ('15632d144a3e4a0fb10', 'b275ad41-274c-4', 'f6f17ca7-cb57-4', '87e7a849-3085-4', '96194391ce8f410bbc33,96194391ce8f410bbc31,96194391ce8f410bbc27', 'springboot题目自动添加-内容-10', '自动添加选项A的内容-10', '自动添加选项B的内容-10', '自动添加选项C的内容-10', '自动添加选项D的内容-10', 'B', 'springboot题目自动添加-的解析-10', '2021-03-10 11:22:10', 7);
INSERT INTO `question_choice` VALUES ('15632d144a3e4a0fb9', 'b275ad41-274c-4', 'f6f17ca7-cb57-4', '87e7a849-3085-4', '96194391ce8f410bbc44,96194391ce8f410bbc7,96194391ce8f410bbc42', 'springboot题目自动添加-内容-9', '自动添加选项A的内容-9', '自动添加选项B的内容-9', '自动添加选项C的内容-9', '自动添加选项D的内容-9', 'A', 'springboot题目自动添加-的解析-9', '2021-03-10 11:22:09', 2);
INSERT INTO `question_choice` VALUES ('15632d144a3e4a0fb8', 'b275ad41-274c-4', 'f6f17ca7-cb57-4', '87e7a849-3085-4', '96194391ce8f410bbc55,96194391ce8f410bbc57,96194391ce8f410bbc3', 'springboot题目自动添加-内容-8', '自动添加选项A的内容-8', '自动添加选项B的内容-8', '自动添加选项C的内容-8', '自动添加选项D的内容-8', 'D', 'springboot题目自动添加-的解析-8', '2021-03-10 11:22:08', 3);
INSERT INTO `question_choice` VALUES ('15632d144a3e4a0fb7', 'b275ad41-274c-4', 'f6f17ca7-cb57-4', '87e7a849-3085-4', '96194391ce8f410bbc18,96194391ce8f410bbc28,96194391ce8f410bbc23', 'springboot题目自动添加-内容-7', '自动添加选项A的内容-7', '自动添加选项B的内容-7', '自动添加选项C的内容-7', '自动添加选项D的内容-7', 'A', 'springboot题目自动添加-的解析-7', '2021-03-10 11:22:07', 3);
INSERT INTO `question_choice` VALUES ('15632d144a3e4a0fb6', 'b275ad41-274c-4', 'f6f17ca7-cb57-4', '87e7a849-3085-4', '96194391ce8f410bbc33,96194391ce8f410bbc40,96194391ce8f410bbc39', 'springboot题目自动添加-内容-6', '自动添加选项A的内容-6', '自动添加选项B的内容-6', '自动添加选项C的内容-6', '自动添加选项D的内容-6', 'A', 'springboot题目自动添加-的解析-6', '2021-03-10 11:22:06', 9);
INSERT INTO `question_choice` VALUES ('15632d144a3e4a0fb5', 'b275ad41-274c-4', 'f6f17ca7-cb57-4', '87e7a849-3085-4', '96194391ce8f410bbc52,96194391ce8f410bbc21,96194391ce8f410bbc26', 'springboot题目自动添加-内容-5', '自动添加选项A的内容-5', '自动添加选项B的内容-5', '自动添加选项C的内容-5', '自动添加选项D的内容-5', 'D', 'springboot题目自动添加-的解析-5', '2021-03-10 11:22:05', 6);
INSERT INTO `question_choice` VALUES ('15632d144a3e4a0fb4', 'b275ad41-274c-4', 'f6f17ca7-cb57-4', '87e7a849-3085-4', '96194391ce8f410bbc31,96194391ce8f410bbc56,96194391ce8f410bbc40', 'springboot题目自动添加-内容-4', '自动添加选项A的内容-4', '自动添加选项B的内容-4', '自动添加选项C的内容-4', '自动添加选项D的内容-4', 'A', 'springboot题目自动添加-的解析-4', '2021-03-10 11:22:04', 0);
INSERT INTO `question_choice` VALUES ('15632d144a3e4a0fb3', 'b275ad41-274c-4', 'f6f17ca7-cb57-4', '87e7a849-3085-4', '96194391ce8f410bbc47,96194391ce8f410bbc18,96194391ce8f410bbc33', 'springboot题目自动添加-内容-3', '自动添加选项A的内容-3', '自动添加选项B的内容-3', '自动添加选项C的内容-3', '自动添加选项D的内容-3', 'D', 'springboot题目自动添加-的解析-3', '2021-03-10 11:22:03', 3);
INSERT INTO `question_choice` VALUES ('15632d144a3e4a0fb2', 'b275ad41-274c-4', 'f6f17ca7-cb57-4', '87e7a849-3085-4', '96194391ce8f410bbc40,96194391ce8f410bbc54,96194391ce8f410bbc57', 'springboot题目自动添加-内容-2', '自动添加选项A的内容-2', '自动添加选项B的内容-2', '自动添加选项C的内容-2', '自动添加选项D的内容-2', 'A', 'springboot题目自动添加-的解析-2', '2021-03-10 11:22:02', 7);
INSERT INTO `question_choice` VALUES ('15632d144a3e4a0fb1', 'b275ad41-274c-4', 'f6f17ca7-cb57-4', '87e7a849-3085-4', '96194391ce8f410bbc41,96194391ce8f410bbc56,96194391ce8f410bbc27', 'springboot题目自动添加-内容-1', '自动添加选项A的内容-1', '自动添加选项B的内容-1', '自动添加选项C的内容-1', '自动添加选项D的内容-1', 'B', 'springboot题目自动添加-的解析-1', '2021-03-10 11:22:01', 7);
INSERT INTO `question_choice` VALUES ('15632d144a3e4a0fb0', 'b275ad41-274c-4', 'f6f17ca7-cb57-4', '87e7a849-3085-4', '96194391ce8f410bbc32,96194391ce8f410bbc33,96194391ce8f410bbc59', 'springboot题目自动添加-内容-0', '自动添加选项A的内容-0', '自动添加选项B的内容-0', '自动添加选项C的内容-0', '自动添加选项D的内容-0', 'A', 'springboot题目自动添加-的解析-0', '2021-03-10 11:22:00', 9);
INSERT INTO `question_choice` VALUES ('15632d144a3e4a0fb33', 'b275ad41-274c-4', 'f6f17ca7-cb57-4', '87e7a849-3085-4', '96194391ce8f410bbc34,96194391ce8f410bbc44,96194391ce8f410bbc23', 'springboot题目自动添加-内容-33', '自动添加选项A的内容-33', '自动添加选项B的内容-33', '自动添加选项C的内容-33', '自动添加选项D的内容-33', 'D', 'springboot题目自动添加-的解析-33', '2021-03-10 11:22:33', 3);
INSERT INTO `question_choice` VALUES ('15632d144a3e4a0fb34', 'b275ad41-274c-4', 'f6f17ca7-cb57-4', '87e7a849-3085-4', '96194391ce8f410bbc22,96194391ce8f410bbc25,96194391ce8f410bbc36', 'springboot题目自动添加-内容-34', '自动添加选项A的内容-34', '自动添加选项B的内容-34', '自动添加选项C的内容-34', '自动添加选项D的内容-34', 'A', 'springboot题目自动添加-的解析-34', '2021-03-10 11:22:34', 6);
INSERT INTO `question_choice` VALUES ('15632d144a3e4a0fb35', 'b275ad41-274c-4', 'f6f17ca7-cb57-4', '87e7a849-3085-4', '96194391ce8f410bbc56,96194391ce8f410bbc40,96194391ce8f410bbc14', 'springboot题目自动添加-内容-35', '自动添加选项A的内容-35', '自动添加选项B的内容-35', '自动添加选项C的内容-35', '自动添加选项D的内容-35', 'A', 'springboot题目自动添加-的解析-35', '2021-03-10 11:22:35', 4);
INSERT INTO `question_choice` VALUES ('15632d144a3e4a0fb36', 'b275ad41-274c-4', 'f6f17ca7-cb57-4', '87e7a849-3085-4', '96194391ce8f410bbc8,96194391ce8f410bbc34,96194391ce8f410bbc30', 'springboot题目自动添加-内容-36', '自动添加选项A的内容-36', '自动添加选项B的内容-36', '自动添加选项C的内容-36', '自动添加选项D的内容-36', 'D', 'springboot题目自动添加-的解析-36', '2021-03-10 11:22:36', 0);
INSERT INTO `question_choice` VALUES ('15632d144a3e4a0fb37', 'b275ad41-274c-4', 'f6f17ca7-cb57-4', '87e7a849-3085-4', '96194391ce8f410bbc48,96194391ce8f410bbc52,96194391ce8f410bbc12', 'springboot题目自动添加-内容-37', '自动添加选项A的内容-37', '自动添加选项B的内容-37', '自动添加选项C的内容-37', '自动添加选项D的内容-37', 'A', 'springboot题目自动添加-的解析-37', '2021-03-10 11:22:37', 2);
INSERT INTO `question_choice` VALUES ('15632d144a3e4a0fb38', 'b275ad41-274c-4', 'f6f17ca7-cb57-4', '87e7a849-3085-4', '96194391ce8f410bbc52,96194391ce8f410bbc16,96194391ce8f410bbc32', 'springboot题目自动添加-内容-38', '自动添加选项A的内容-38', '自动添加选项B的内容-38', '自动添加选项C的内容-38', '自动添加选项D的内容-38', 'D', 'springboot题目自动添加-的解析-38', '2021-03-10 11:22:38', 2);
INSERT INTO `question_choice` VALUES ('15632d144a3e4a0fb39', 'b275ad41-274c-4', 'f6f17ca7-cb57-4', '87e7a849-3085-4', '96194391ce8f410bbc49,96194391ce8f410bbc42,96194391ce8f410bbc53', 'springboot题目自动添加-内容-39', '自动添加选项A的内容-39', '自动添加选项B的内容-39', '自动添加选项C的内容-39', '自动添加选项D的内容-39', 'B', 'springboot题目自动添加-的解析-39', '2021-03-10 11:22:39', 3);
INSERT INTO `question_choice` VALUES ('15632d144a3e4a0fb40', 'b275ad41-274c-4', 'f6f17ca7-cb57-4', '87e7a849-3085-4', '96194391ce8f410bbc0,96194391ce8f410bbc24,96194391ce8f410bbc33', 'springboot题目自动添加-内容-40', '自动添加选项A的内容-40', '自动添加选项B的内容-40', '自动添加选项C的内容-40', '自动添加选项D的内容-40', 'A', 'springboot题目自动添加-的解析-40', '2021-03-10 11:22:40', 3);
INSERT INTO `question_choice` VALUES ('15632d144a3e4a0fb41', 'b275ad41-274c-4', 'f6f17ca7-cb57-4', '87e7a849-3085-4', '96194391ce8f410bbc51,96194391ce8f410bbc53,96194391ce8f410bbc43', 'springboot题目自动添加-内容-41', '自动添加选项A的内容-41', '自动添加选项B的内容-41', '自动添加选项C的内容-41', '自动添加选项D的内容-41', 'A', 'springboot题目自动添加-的解析-41', '2021-03-10 11:22:41', 3);
INSERT INTO `question_choice` VALUES ('15632d144a3e4a0fb42', 'b275ad41-274c-4', 'f6f17ca7-cb57-4', '87e7a849-3085-4', '96194391ce8f410bbc21,96194391ce8f410bbc40,96194391ce8f410bbc45', 'springboot题目自动添加-内容-42', '自动添加选项A的内容-42', '自动添加选项B的内容-42', '自动添加选项C的内容-42', '自动添加选项D的内容-42', 'B', 'springboot题目自动添加-的解析-42', '2021-03-10 11:22:42', 5);
INSERT INTO `question_choice` VALUES ('15632d144a3e4a0fb43', 'b275ad41-274c-4', 'f6f17ca7-cb57-4', '87e7a849-3085-4', '96194391ce8f410bbc25,96194391ce8f410bbc32,96194391ce8f410bbc29', 'springboot题目自动添加-内容-43', '自动添加选项A的内容-43', '自动添加选项B的内容-43', '自动添加选项C的内容-43', '自动添加选项D的内容-43', 'C', 'springboot题目自动添加-的解析-43', '2021-03-10 11:22:43', 9);
INSERT INTO `question_choice` VALUES ('15632d144a3e4a0fb44', 'b275ad41-274c-4', 'f6f17ca7-cb57-4', '87e7a849-3085-4', '96194391ce8f410bbc22,96194391ce8f410bbc31,96194391ce8f410bbc28', 'springboot题目自动添加-内容-44', '自动添加选项A的内容-44', '自动添加选项B的内容-44', '自动添加选项C的内容-44', '自动添加选项D的内容-44', 'B', 'springboot题目自动添加-的解析-44', '2021-03-10 11:22:44', 8);
INSERT INTO `question_choice` VALUES ('15632d144a3e4a0fb45', 'b275ad41-274c-4', 'f6f17ca7-cb57-4', '87e7a849-3085-4', '96194391ce8f410bbc23,96194391ce8f410bbc20,96194391ce8f410bbc48', 'springboot题目自动添加-内容-45', '自动添加选项A的内容-45', '自动添加选项B的内容-45', '自动添加选项C的内容-45', '自动添加选项D的内容-45', 'A', 'springboot题目自动添加-的解析-45', '2021-03-10 11:22:45', 8);
INSERT INTO `question_choice` VALUES ('15632d144a3e4a0fb46', 'b275ad41-274c-4', 'f6f17ca7-cb57-4', '87e7a849-3085-4', '96194391ce8f410bbc58,96194391ce8f410bbc59,96194391ce8f410bbc46', 'springboot题目自动添加-内容-46', '自动添加选项A的内容-46', '自动添加选项B的内容-46', '自动添加选项C的内容-46', '自动添加选项D的内容-46', 'D', 'springboot题目自动添加-的解析-46', '2021-03-10 11:22:46', 6);
INSERT INTO `question_choice` VALUES ('15632d144a3e4a0fb47', 'b275ad41-274c-4', 'f6f17ca7-cb57-4', '87e7a849-3085-4', '96194391ce8f410bbc27,96194391ce8f410bbc12,96194391ce8f410bbc28', 'springboot题目自动添加-内容-47', '自动添加选项A的内容-47', '自动添加选项B的内容-47', '自动添加选项C的内容-47', '自动添加选项D的内容-47', 'A', 'springboot题目自动添加-的解析-47', '2021-03-10 11:22:47', 8);
INSERT INTO `question_choice` VALUES ('15632d144a3e4a0fb48', 'b275ad41-274c-4', 'f6f17ca7-cb57-4', '87e7a849-3085-4', '96194391ce8f410bbc14,96194391ce8f410bbc53,96194391ce8f410bbc24', 'springboot题目自动添加-内容-48', '自动添加选项A的内容-48', '自动添加选项B的内容-48', '自动添加选项C的内容-48', '自动添加选项D的内容-48', 'C', 'springboot题目自动添加-的解析-48', '2021-03-10 11:22:48', 4);
INSERT INTO `question_choice` VALUES ('15632d144a3e4a0fb49', 'b275ad41-274c-4', 'f6f17ca7-cb57-4', '87e7a849-3085-4', '96194391ce8f410bbc19,96194391ce8f410bbc53,96194391ce8f410bbc6', 'springboot题目自动添加-内容-49', '自动添加选项A的内容-49', '自动添加选项B的内容-49', '自动添加选项C的内容-49', '自动添加选项D的内容-49', 'A', 'springboot题目自动添加-的解析-49', '2021-03-10 11:22:49', 6);
INSERT INTO `question_choice` VALUES ('15632d144a3e4a0fb50', 'b275ad41-274c-4', 'f6f17ca7-cb57-4', '87e7a849-3085-4', '96194391ce8f410bbc24,96194391ce8f410bbc12,96194391ce8f410bbc37', 'springboot题目自动添加-内容-50', '自动添加选项A的内容-50', '自动添加选项B的内容-50', '自动添加选项C的内容-50', '自动添加选项D的内容-50', 'D', 'springboot题目自动添加-的解析-50', '2021-03-10 11:22:50', 7);
INSERT INTO `question_choice` VALUES ('15632d144a3e4a0fb51', 'b275ad41-274c-4', 'f6f17ca7-cb57-4', '87e7a849-3085-4', '96194391ce8f410bbc12,96194391ce8f410bbc5,96194391ce8f410bbc49', 'springboot题目自动添加-内容-51', '自动添加选项A的内容-51', '自动添加选项B的内容-51', '自动添加选项C的内容-51', '自动添加选项D的内容-51', 'B', 'springboot题目自动添加-的解析-51', '2021-03-10 11:22:51', 9);
INSERT INTO `question_choice` VALUES ('15632d144a3e4a0fb52', 'b275ad41-274c-4', 'f6f17ca7-cb57-4', '87e7a849-3085-4', '96194391ce8f410bbc32,96194391ce8f410bbc35,96194391ce8f410bbc59', 'springboot题目自动添加-内容-52', '自动添加选项A的内容-52', '自动添加选项B的内容-52', '自动添加选项C的内容-52', '自动添加选项D的内容-52', 'A', 'springboot题目自动添加-的解析-52', '2021-03-10 11:22:52', 9);
INSERT INTO `question_choice` VALUES ('15632d144a3e4a0fb53', 'b275ad41-274c-4', 'f6f17ca7-cb57-4', '87e7a849-3085-4', '96194391ce8f410bbc48,96194391ce8f410bbc39,96194391ce8f410bbc13', 'springboot题目自动添加-内容-53', '自动添加选项A的内容-53', '自动添加选项B的内容-53', '自动添加选项C的内容-53', '自动添加选项D的内容-53', 'B', 'springboot题目自动添加-的解析-53', '2021-03-10 11:22:53', 3);
INSERT INTO `question_choice` VALUES ('15632d144a3e4a0fb54', 'b275ad41-274c-4', 'f6f17ca7-cb57-4', '87e7a849-3085-4', '96194391ce8f410bbc31,96194391ce8f410bbc30,96194391ce8f410bbc16', 'springboot题目自动添加-内容-54', '自动添加选项A的内容-54', '自动添加选项B的内容-54', '自动添加选项C的内容-54', '自动添加选项D的内容-54', 'D', 'springboot题目自动添加-的解析-54', '2021-03-10 11:22:54', 6);
INSERT INTO `question_choice` VALUES ('15632d144a3e4a0fb55', 'b275ad41-274c-4', 'f6f17ca7-cb57-4', '87e7a849-3085-4', '96194391ce8f410bbc16,96194391ce8f410bbc27,96194391ce8f410bbc6', 'springboot题目自动添加-内容-55', '自动添加选项A的内容-55', '自动添加选项B的内容-55', '自动添加选项C的内容-55', '自动添加选项D的内容-55', 'C', 'springboot题目自动添加-的解析-55', '2021-03-10 11:22:55', 6);
INSERT INTO `question_choice` VALUES ('15632d144a3e4a0fb56', 'b275ad41-274c-4', 'f6f17ca7-cb57-4', '87e7a849-3085-4', '96194391ce8f410bbc37,96194391ce8f410bbc45,96194391ce8f410bbc5', 'springboot题目自动添加-内容-56', '自动添加选项A的内容-56', '自动添加选项B的内容-56', '自动添加选项C的内容-56', '自动添加选项D的内容-56', 'D', 'springboot题目自动添加-的解析-56', '2021-03-10 11:22:56', 5);
INSERT INTO `question_choice` VALUES ('15632d144a3e4a0fb57', 'b275ad41-274c-4', 'f6f17ca7-cb57-4', '87e7a849-3085-4', '96194391ce8f410bbc54,96194391ce8f410bbc59,96194391ce8f410bbc38', 'springboot题目自动添加-内容-57', '自动添加选项A的内容-57', '自动添加选项B的内容-57', '自动添加选项C的内容-57', '自动添加选项D的内容-57', 'C', 'springboot题目自动添加-的解析-57', '2021-03-10 11:22:57', 8);
INSERT INTO `question_choice` VALUES ('15632d144a3e4a0fb58', 'b275ad41-274c-4', 'f6f17ca7-cb57-4', '87e7a849-3085-4', '96194391ce8f410bbc56,96194391ce8f410bbc52,96194391ce8f410bbc31', 'springboot题目自动添加-内容-58', '自动添加选项A的内容-58', '自动添加选项B的内容-58', '自动添加选项C的内容-58', '自动添加选项D的内容-58', 'A', 'springboot题目自动添加-的解析-58', '2021-03-10 11:22:58', 1);
INSERT INTO `question_choice` VALUES ('15632d144a3e4a0fb59', 'b275ad41-274c-4', 'f6f17ca7-cb57-4', '87e7a849-3085-4', '96194391ce8f410bbc22,96194391ce8f410bbc36,96194391ce8f410bbc45', 'springboot题目自动添加-内容-59', '自动添加选项A的内容-59', '自动添加选项B的内容-59', '自动添加选项C的内容-59', '自动添加选项D的内容-59', 'A', 'springboot题目自动添加-的解析-59', '2021-03-10 11:22:59', 5);

-- ----------------------------
-- Table structure for test_paper
-- ----------------------------
DROP TABLE IF EXISTS `test_paper`;
CREATE TABLE `test_paper`  (
  `tp_id` varchar(20) CHARACTER SET utf8 COLLATE utf8_general_ci NOT NULL COMMENT '试卷id',
  `tp_name` varchar(25) CHARACTER SET utf8 COLLATE utf8_general_ci NOT NULL COMMENT '试卷名字',
  `tp_create_by` varchar(20) CHARACTER SET utf8 COLLATE utf8_general_ci NULL DEFAULT NULL COMMENT '创建人',
  `tp_course_id` varchar(20) CHARACTER SET utf8 COLLATE utf8_general_ci NULL DEFAULT NULL COMMENT '所属的课程id',
  `tp_que_ids` text CHARACTER SET utf8 COLLATE utf8_general_ci NULL COMMENT '试题的id列表',
  `tp_knowledge_ids` text CHARACTER SET utf8 COLLATE utf8_general_ci NULL COMMENT '知识点列表',
  `tp_describe` varchar(255) CHARACTER SET utf8 COLLATE utf8_general_ci NULL DEFAULT NULL COMMENT '试卷描述',
  `create_time` datetime NULL DEFAULT NULL COMMENT '创建时间',
  PRIMARY KEY (`tp_id`, `tp_name`) USING BTREE
) ENGINE = MyISAM CHARACTER SET = utf8 COLLATE = utf8_general_ci ROW_FORMAT = Dynamic;

-- ----------------------------
-- Records of test_paper
-- ----------------------------
INSERT INTO `test_paper` VALUES ('5d441bb2c76e4c6ea3', '软件工程-试卷-自动生成-测试1', '05ad6e1c-b8de-4', '30c2a810-2b9a-4', '[15632d144a3e4a0fa32, 15632d144a3e4a0fa50, 15632d144a3e4a0fa27, 15632d144a3e4a0fa, 15632d144a3e4a0fa17, 15632d144a3e4a0fa13, 15632d144a3e4a0fa33, 15632d144a3e4a0fa1, 15632d144a3e4a0fa2, 15632d144a3e4a0fa21, 15632d144a3e4a0fa52, 15632d144a3e4a0fa49, 15632d144a3e4a0fa54, 15632d144a3e4a0fa37, 15632d144a3e4a0fa44, 15632d144a3e4a0fa18, 15632d144a3e4a0fa36, 15632d144a3e4a0fa58, 15632d144a3e4a0fa31, 15632d144a3e4a0f97, 15632d144a3e4a0fa0, 15632d144a3e4a0fa9, 15632d144a3e4a0fa24, 15632d144a3e4a0fa35, 15632d144a3e4a0fa11, 15632d144a3e4a0fa48, 15632d144a3e4a0fa29, 15632d144a3e4a0fa6, 15632d144a3e4a0fa19, 15632d144a3e4a0fa23, 15632d144a3e4a0fa59, 15632d144a3e4a0fa42, 15632d144a3e4a0fa51, 15632d144a3e4a0fa38, 15632d144a3e4a0fa22, 11e9bb6441d541198a18, 11e9bb6441d541198a11, 11e9bb6441d541198a22, 11e9bb6441d541198a32, 11e9bb6441d541198a37, 11e9bb6441d541198a3, 11e9bb6441d541198a14, 11e9bb6441d541198a12, 11e9bb6441d541198a55, 11e9bb6441d541198a0, 11e9bb6441d541198a39, 11e9bb6441d541198a17, 11e9bb6441d541198a9, 11e9bb6441d541198a29, 11e9bb6441d541198a35, 11e9bb6441d541198a28, 11e9bb6441d541198a36, 11e9bb6441d541198a34, 11e9bb6441d541198a38, 11e9bb6441d541198a25, 11e9bb6441d541198a56, 11e9bb6441d541198a47, 11e9bb6441d541198a41, 11e9bb6441d541198a2, 11e9bb6441d5411981, 11e9bb6441d541198b26, 11e9bb6441d541198b13]', '[ef4eef5257ac4ea79f22, ef4eef5257ac4ea79f57, ef4eef5257ac4ea79f29, ef4eef5257ac4ea79f16, ef4eef5257ac4ea79f30, ef4eef5257ac4ea79f43, ef4eef5257ac4ea79f5, ef4eef5257ac4ea79f11, ef4eef5257ac4ea79f32, ef4eef5257ac4ea79f41, ef4eef5257ac4ea79f20, ef4eef5257ac4ea79f45, ef4eef5257ac4ea79f38, ef4eef5257ac4ea79f47, ef4eef5257ac4ea79f28, ef4eef5257ac4ea79f24, ef4eef5257ac4ea79f37, ef4eef5257ac4ea79f39, ef4eef5257ac4ea79f27, ef4eef5257ac4ea79f21, ef4eef5257ac4ea79f15, ef4eef5257ac4ea79f8, ef4eef5257ac4ea79f51, ef4eef5257ac4ea79f1, ef4eef5257ac4ea79f56, ef4eef5257ac4ea79f34, ef4eef5257ac4ea79f50, ef4eef5257ac4ea79f36, ef4eef5257ac4ea79f40, ef4eef5257ac4ea79f3, ef4eef5257ac4ea79f9, ef4eef5257ac4ea79f25, ef4eef5257ac4ea79f48, ef4eef5257ac4ea79f14, ef4eef5257ac4ea79f10, ef4eef5257ac4ea79f33, ef4eef5257ac4ea79f2, ef4eef5257ac4ea79f26, ef4eef5257ac4ea79f0, ef4eef5257ac4ea79f17, ef4eef5257ac4ea79f12, ef4eef5257ac4ea79f44, ef4eef5257ac4ea79f18, ef4eef5257ac4ea79f31, ef4eef5257ac4ea79f4, ef4eef5257ac4ea79f23, ef4eef5257ac4ea79f52, ef4eef5257ac4ea79f54, ef4eef5257ac4ea79f7, ef4eef5257ac4ea79f35, ef4eef5257ac4ea79f6, ef4eef5257ac4ea79f55, ef4eef5257ac4ea79f13, ef4eef5257ac4ea79f19, ef4eef5257ac4ea79f46, ef4eef5257ac4ea79f53, ef4eef5257ac4ea79f59, ef4eef5257ac4ea79f58, ef4eef5257ac4ea79f42, ef4eef5257ac4ea79f49]', '软-------啛啛喳喳错错错错错错错错错错错错错错', '2021-02-22 09:59:56');
INSERT INTO `test_paper` VALUES ('b5f288f1441144e680', '软件工程-手工添加试卷-测试1', '05ad6e1c-b8de-4', '30c2a810-2b9a-4', '15632d144a3e4a0fa59,15632d144a3e4a0fa58,15632d144a3e4a0fa57,15632d144a3e4a0fa56,15632d144a3e4a0fa55,15632d144a3e4a0fa54,15632d144a3e4a0fa53,15632d144a3e4a0fa,15632d144a3e4a0f97,15632d144a3e4a0fa52,11e9bb6441d541198a54,11e9bb6441d541198a53,11e9bb6441d541198a52,11e9bb6441d541198a51,11e9bb6441d541198a50,11e9bb6441d541198a49,11e9bb6441d541198a48,11e9bb6441d541198a47,11e9bb6441d541198a46,11e9bb6441d541198a45,11e9bb6441d541198b49,11e9bb6441d541198b48,11e9bb6441d541198b47,11e9bb6441d541198b46,11e9bb6441d541198b45', '[undefinedef4eef5257ac4ea79f12, ef4eef5257ac4ea79f56, ef4eef5257ac4ea79f29, ef4eef5257ac4ea79f19, ef4eef5257ac4ea79f35, ef4eef5257ac4ea79f1, ef4eef5257ac4ea79f27, ef4eef5257ac4ea79f14, ef4eef5257ac4ea79f52, ef4eef5257ac4ea79f33, ef4eef5257ac4ea79f34, ef4eef5257ac4ea79f11, ef4eef5257ac4ea79f24, ef4eef5257ac4ea79f54, ef4eef5257ac4ea79f4, ef4eef5257ac4ea79f0, ef4eef5257ac4ea79f30, ef4eef5257ac4ea79f3, ef4eef5257ac4ea79f38, ef4eef5257ac4ea79f55, ef4eef5257ac4ea79f50, ef4eef5257ac4ea79f20, ef4eef5257ac4ea79f40, ef4eef5257ac4ea79f8, ef4eef5257ac4ea79f12, ef4eef5257ac4ea79f32, ef4eef5257ac4ea79f23, ef4eef5257ac4ea79f48, ef4eef5257ac4ea79f47, ef4eef5257ac4ea79f28, ef4eef5257ac4ea79f2, ef4eef5257ac4ea79f15, ef4eef5257ac4ea79f26, ef4eef5257ac4ea79f22, ef4eef5257ac4ea79f53, ef4eef5257ac4ea79f37, ef4eef5257ac4ea79f59, ef4eef5257ac4ea79f36, ef4eef5257ac4ea79f16, ef4eef5257ac4ea79f10, ef4eef5257ac4ea79f9, ef4eef5257ac4ea79f45, ef4eef5257ac4ea79f25, ef4eef5257ac4ea79f6, ef4eef5257ac4ea79f44, ef4eef5257ac4ea79f21, ef4eef5257ac4ea79f39, ef4eef5257ac4ea79f51, ef4eef5257ac4ea79f58, ef4eef5257ac4ea79f31, ef4eef5257ac4ea79f13, ef4eef5257ac4ea79f17, ef4eef5257ac4ea79f41, ef4eef5257ac4ea79f18]', '挼UNad马老师看到=--------------------', '2021-02-22 10:04:23');
INSERT INTO `test_paper` VALUES ('e5fa019ca1da408882', '手工试卷', '05ad6e1c-b8de-4', '30c2a810-2b9a-4', '15632d144a3e4a0fa59,15632d144a3e4a0fa58,15632d144a3e4a0fa57,15632d144a3e4a0fa56,15632d144a3e4a0fa55', '[undefinedef4eef5257ac4ea79f12, ef4eef5257ac4ea79f56, ef4eef5257ac4ea79f29, ef4eef5257ac4ea79f19, ef4eef5257ac4ea79f35, ef4eef5257ac4ea79f1, ef4eef5257ac4ea79f27, ef4eef5257ac4ea79f14, ef4eef5257ac4ea79f52, ef4eef5257ac4ea79f33, ef4eef5257ac4ea79f34, ef4eef5257ac4ea79f11, ef4eef5257ac4ea79f24, ef4eef5257ac4ea79f54, ef4eef5257ac4ea79f4, ef4eef5257ac4ea79f0, ef4eef5257ac4ea79f30, ef4eef5257ac4ea79f3, ef4eef5257ac4ea79f38, ef4eef5257ac4ea79f55, ef4eef5257ac4ea79f50, ef4eef5257ac4ea79f20]', '12345', '2021-02-28 18:28:45');
INSERT INTO `test_paper` VALUES ('62767d15574a40d083', '算法', 'efe51ab845924599b2', 'e74e7450-c280-4', '[15632d144a3e4a0fb38, 15632d144a3e4a0fb11, 15632d144a3e4a0fb12, 15632d144a3e4a0fb10, 15632d144a3e4a0fb33, 15632d144a3e4a0fb42, 15632d144a3e4a0fb22, 15632d144a3e4a0fb13, 15632d144a3e4a0fb15, 15632d144a3e4a0fb16, 15632d144a3e4a0fb49, 15632d144a3e4a0fb31, 15632d144a3e4a0fb40, 15632d144a3e4a0fb47, 15632d144a3e4a0fb39, 15632d144a3e4a0fb41, 15632d144a3e4a0fb43, 15632d144a3e4a0fb17, 15632d144a3e4a0fb18, 15632d144a3e4a0fb23, 15632d144a3e4a0fb21, 15632d144a3e4a0fb35, 15632d144a3e4a0fb29, 15632d144a3e4a0fb26, 15632d144a3e4a0fb14, 15632d144a3e4a0fb30, 15632d144a3e4a0fb32, 15632d144a3e4a0fb51, 15632d144a3e4a0fb28, 15632d144a3e4a0fb37, 15632d144a3e4a0fb44, 15632d144a3e4a0fb24, 15632d144a3e4a0fb50, 15632d144a3e4a0fb34, 15632d144a3e4a0fb48, 11e9bb6441d541198b48, 11e9bb6441d541198b32, 11e9bb6441d541198b15, 11e9bb6441d541198b35, 11e9bb6441d541198b30, 11e9bb6441d541198b25, 11e9bb6441d541198b36, 11e9bb6441d541198b44, 11e9bb6441d541198b38, 11e9bb6441d541198b20, 11e9bb6441d541198b23, 11e9bb6441d541198b33, 11e9bb6441d541198b18, 11e9bb6441d541198b42, 11e9bb6441d541198b26, 11e9bb6441d541198b34, 11e9bb6441d541198b27, 11e9bb6441d541198b16, 11e9bb6441d541198b47, 11e9bb6441d541198b45, 11e9bb6441d541198b29, 11e9bb6441d541198b40, 11e9bb6441d541198b41, 11e9bb6441d541198b31, 11e9bb6441d541198b49, 11e9bb6441d541198c44, 11e9bb6441d541198c39]', '[96194391ce8f410bba30, 96194391ce8f410bba18, 96194391ce8f410bba24, 96194391ce8f410bba10, 96194391ce8f410bba45, 96194391ce8f410bba33, 96194391ce8f410bba46, 96194391ce8f410bba20, 96194391ce8f410bba27, 96194391ce8f410bba19, 96194391ce8f410bba42, 96194391ce8f410bba53, 96194391ce8f410bba29, 96194391ce8f410bba17, 96194391ce8f410bba48, 96194391ce8f410bba50, 96194391ce8f410bba40, 96194391ce8f410bba22, 96194391ce8f410bba32, 96194391ce8f410bba28, 96194391ce8f410bba49, 96194391ce8f410bba35, 96194391ce8f410bba11, 96194391ce8f410bba34, 96194391ce8f410bba15, 96194391ce8f410bba12, 96194391ce8f410bba41, 96194391ce8f410bba44, 96194391ce8f410bba26, 96194391ce8f410bba38, 96194391ce8f410bba43, 96194391ce8f410bba37, 96194391ce8f410bba21, 96194391ce8f410bba16, 96194391ce8f410bba23, 96194391ce8f410bba25, 96194391ce8f410bba39, 96194391ce8f410bba47, 96194391ce8f410bba36, 96194391ce8f410bba31]', NULL, '2021-03-11 14:39:32');
INSERT INTO `test_paper` VALUES ('1f101f0c684545e5a4', '舒服舒服', '87e7a849-3085-4', 'e74e7450-c280-4', '[15632d144a3e4a0fb41, 15632d144a3e4a0fb21, 15632d144a3e4a0fb24, 15632d144a3e4a0fb45, 15632d144a3e4a0fb39, 15632d144a3e4a0fb34, 15632d144a3e4a0fb51, 15632d144a3e4a0fb19, 15632d144a3e4a0fb31, 15632d144a3e4a0fb44, 15632d144a3e4a0fb10, 15632d144a3e4a0fb37, 15632d144a3e4a0fb33, 15632d144a3e4a0fb14, 15632d144a3e4a0fb50, 15632d144a3e4a0fb23, 15632d144a3e4a0fb11, 15632d144a3e4a0fb53, 15632d144a3e4a0fb16, 15632d144a3e4a0fb20, 15632d144a3e4a0fb26, 15632d144a3e4a0fb47, 15632d144a3e4a0fb36, 15632d144a3e4a0fb42, 15632d144a3e4a0fb43, 15632d144a3e4a0fb38, 15632d144a3e4a0fb52, 15632d144a3e4a0fb12, 15632d144a3e4a0fb54, 15632d144a3e4a0fb30, 15632d144a3e4a0fb48, 15632d144a3e4a0fb27, 15632d144a3e4a0fb29, 15632d144a3e4a0fb22, 15632d144a3e4a0fb18, 11e9bb6441d541198b39, 11e9bb6441d541198b24, 11e9bb6441d541198b43, 11e9bb6441d541198b16, 11e9bb6441d541198b29, 11e9bb6441d541198b20, 11e9bb6441d541198b17, 11e9bb6441d541198b37, 11e9bb6441d541198b22, 11e9bb6441d541198b30, 11e9bb6441d541198b47, 11e9bb6441d541198b19, 11e9bb6441d541198b27, 11e9bb6441d541198b28, 11e9bb6441d541198b21, 11e9bb6441d541198b23, 11e9bb6441d541198b41, 11e9bb6441d541198b33, 11e9bb6441d541198b18, 11e9bb6441d541198b25, 11e9bb6441d541198b32, 11e9bb6441d541198b44, 11e9bb6441d541198b38, 11e9bb6441d541198b49, 11e9bb6441d541198b36, 11e9bb6441d541198c53, 11e9bb6441d541198c22]', '[96194391ce8f410bba44, 96194391ce8f410bba41, 96194391ce8f410bba11, 96194391ce8f410bba46, 96194391ce8f410bba38, 96194391ce8f410bba42, 96194391ce8f410bba12, 96194391ce8f410bba18, 96194391ce8f410bba23, 96194391ce8f410bba10, 96194391ce8f410bba49, 96194391ce8f410bba24, 96194391ce8f410bba47, 96194391ce8f410bba15, 96194391ce8f410bba31, 96194391ce8f410bba32, 96194391ce8f410bba28, 96194391ce8f410bba35, 96194391ce8f410bba45, 96194391ce8f410bba20, 96194391ce8f410bba27, 96194391ce8f410bba33, 96194391ce8f410bba19, 96194391ce8f410bba40, 96194391ce8f410bba53, 96194391ce8f410bba43, 96194391ce8f410bba16, 96194391ce8f410bba39, 96194391ce8f410bba37, 96194391ce8f410bba26, 96194391ce8f410bba48, 96194391ce8f410bba34, 96194391ce8f410bba25, 96194391ce8f410bba14, 96194391ce8f410bba30, 96194391ce8f410bba29, 96194391ce8f410bba17, 96194391ce8f410bba21, 96194391ce8f410bba50, 96194391ce8f410bba22, 96194391ce8f410bba36]', NULL, '2021-03-11 14:54:40');

-- ----------------------------
-- Table structure for user
-- ----------------------------
DROP TABLE IF EXISTS `user`;
CREATE TABLE `user`  (
  `user_id` varchar(20) CHARACTER SET utf8 COLLATE utf8_general_ci NOT NULL COMMENT '用户id',
  `user_phone` varchar(12) CHARACTER SET utf8 COLLATE utf8_general_ci NOT NULL COMMENT '手机号',
  `user_name` varchar(20) CHARACTER SET utf8 COLLATE utf8_general_ci NULL DEFAULT NULL COMMENT '用户名',
  `password` varchar(255) CHARACTER SET utf8 COLLATE utf8_general_ci NULL DEFAULT NULL COMMENT '密码',
  `email` varchar(25) CHARACTER SET utf8 COLLATE utf8_general_ci NULL DEFAULT NULL COMMENT '邮箱',
  `is_admin` char(2) CHARACTER SET utf8 COLLATE utf8_general_ci NOT NULL COMMENT '是否管理员Y -N',
  `sex` char(2) CHARACTER SET utf8 COLLATE utf8_general_ci NULL DEFAULT NULL COMMENT '男1--女0',
  `photo` varchar(255) CHARACTER SET utf8 COLLATE utf8_general_ci NULL DEFAULT NULL COMMENT '用户头像路径',
  `deleted` int(11) NULL DEFAULT NULL COMMENT '逻辑删除',
  `create_time` datetime NULL DEFAULT NULL COMMENT '创建时间',
  PRIMARY KEY (`user_id`, `user_phone`) USING BTREE
) ENGINE = MyISAM CHARACTER SET = utf8 COLLATE = utf8_general_ci ROW_FORMAT = Dynamic;

-- ----------------------------
-- Records of user
-- ----------------------------
INSERT INTO `user` VALUES ('05ad6e1c-b8de-4', '17877184843', '超级管理员', '4297f44b13955235245b2497399d7a93', 'weimingqi.com', 'Y', '1', 'http://localhost:9527/image/9dd6b530-bdc9-4.png', 1, '2021-02-13 12:25:06');
-- 密码是123123
SET FOREIGN_KEY_CHECKS = 1;
